Дата;Цена;Откр.;Макс.;Мин.;Объём;Изм. %
17.01.2020;112,15;113,05;113,4;111,35;17,84K;-0,71%
16.01.2020;112,95;114,3;115,1;112,35;16,71K;-1,18%
15.01.2020;114,3;115,3;116,35;114,05;24,68K;-0,52%
14.01.2020;114,9;115;115,55;113,7;18,62K;0,31%
13.01.2020;114,55;118,55;118,55;114,15;22,28K;-3,70%
10.01.2020;118,95;117,75;119,15;116,5;21,17K;1,36%
09.01.2020;117,35;118,7;120,35;117;24,64K;-1,51%
08.01.2020;119,15;122,5;123,05;118,25;23,06K;-2,66%
07.01.2020;122,4;122,6;123,4;119,85;21,31K;0,20%
06.01.2020;122,15;126,25;126,55;121,55;24,43K;-3,32%
03.01.2020;126,35;127,2;128,45;125,45;16,57K;-0,59%
02.01.2020;127,1;129,55;130,95;126,5;21,51K;-2,00%
31.12.2019;129,7;131,5;134,65;128,55;17,38K;-1,85%
30.12.2019;132,15;132,5;132,75;129,8;15,44K;-0,26%
27.12.2019;132,5;127,85;132,8;127,65;23,56K;4,08%
26.12.2019;127,3;129,4;129,85;126,65;8,89K;-1,62%
24.12.2019;129,4;126,05;130,65;125,35;15,73K;3,27%
23.12.2019;125,3;130,4;131,5;124,9;23,91K;-4,13%
20.12.2019;130,7;126,9;131,05;126,3;19,03K;2,75%
19.12.2019;127,2;133,35;133,35;126,2;30,47K;-3,42%
18.12.2019;131,7;133,7;135,45;130,2;33,00K;-0,38%
17.12.2019;132,2;132,9;132,9;131,9;0,02K;-2,65%
16.12.2019;135,8;135,85;135,85;135,85;0,00K;4,91%
13.12.2019;129,45;138,2;138,4;134,55;0,06K;-4,75%
12.12.2019;135,9;135,2;137;134,85;0,01K;1,53%
11.12.2019;133,85;134,45;134,45;134,45;0,04K;1,36%
10.12.2019;132,05;129,6;130,85;129,6;0,04K;3,73%
09.12.2019;127,3;128,25;128,25;128,25;0,00K;2,91%
06.12.2019;123,7;125,1;126,15;123;0,03K;-0,20%
05.12.2019;123,95;121,45;124,4;121,45;0,08K;2,78%
04.12.2019;120,6;123,2;123,35;120,95;0,03K;-1,83%
03.12.2019;122,85;121,75;123,5;121,75;0,01K;1,11%
02.12.2019;121,5;118;122;118;0,04K;2,49%
29.11.2019;118,55;117,95;118;117,95;0,06K;1,07%
27.11.2019;117,3;116,7;118,9;115,75;26,04K;1,38%
26.11.2019;115,7;117,75;117,75;115;0,02K;-1,78%
25.11.2019;117,8;114,45;117,8;114,45;0,03K;2,79%
22.11.2019;114,6;114,2;114,5;113,9;0,06K;-0,56%
21.11.2019;115,25;109,3;115,75;108,1;0,09K;5,06%
20.11.2019;109,7;105,9;109,8;105,45;0,54K;6,82%
19.11.2019;102,7;105,3;106,6;102,5;19,43K;-2,70%
18.11.2019;105,55;105,55;107,2;105,15;18,91K;-0,57%
15.11.2019;106,15;107,6;107,9;105,6;10,12K;-1,76%
14.11.2019;108,05;108,1;109,55;106,6;14,84K;0,09%
13.11.2019;107,95;105,65;108,2;105,55;25,67K;2,23%
12.11.2019;105,6;106,15;107,45;104,8;30,61K;-0,38%
11.11.2019;106;108,3;108,9;105,5;41,35K;-3,15%
08.11.2019;109,45;108,75;109,9;108,3;38,48K;0,32%
07.11.2019;109,1;107,85;109,6;106,85;54,06K;1,02%
06.11.2019;108;105,8;108,2;105,05;52,73K;2,08%
05.11.2019;105,8;103,55;106,05;102,8;42,92K;2,07%
04.11.2019;103,65;104;104,75;102,65;41,53K;-0,34%
01.11.2019;104;102,15;104,3;101,1;31,18K;2,01%
31.10.2019;101,95;99,4;102,25;99,4;30,20K;2,62%
30.10.2019;99,35;98,7;100,35;97,05;26,93K;0,40%
29.10.2019;98,95;100,5;101,8;98,7;30,09K;-1,54%
28.10.2019;100,5;99,15;100,8;98,2;26,59K;1,06%
25.10.2019;99,45;95,65;99,85;95,65;31,37K;3,11%
24.10.2019;96,45;97,75;98,45;96;20,09K;-1,33%
23.10.2019;97,75;98,8;98,9;97,4;18,75K;-1,16%
22.10.2019;98,9;95,55;99,1;95,55;25,21K;2,65%
21.10.2019;96,35;96,05;97;94,5;22,19K;0,68%
18.10.2019;95,7;92,65;96,2;92,55;24,92K;3,01%
17.10.2019;92,9;93,45;94,7;92,35;19,94K;-0,69%
16.10.2019;93,55;94,05;94,4;92,25;22,37K;-0,95%
15.10.2019;94,45;94,9;95,4;93,95;23,10K;-0,42%
14.10.2019;94,85;93,5;95,6;93,4;20,42K;1,23%
11.10.2019;93,7;94,25;94,35;92,2;30,55K;0,21%
10.10.2019;93,5;95,6;96,1;93,05;31,31K;-2,04%
09.10.2019;95,45;95,65;96,6;95,05;18,93K;-0,26%
08.10.2019;95,7;97,1;97,8;95,5;24,75K;-1,34%
07.10.2019;97;98,9;99,15;96,6;30,60K;-2,02%
04.10.2019;99;102,05;102,5;98,5;23,56K;-2,99%
03.10.2019;102,05;100,5;102,9;99,15;21,31K;1,44%
02.10.2019;100,6;101;101,7;100,15;13,66K;-0,74%
01.10.2019;101,35;101,05;101,6;99,65;16,90K;0,20%
30.09.2019;101,15;100,5;102,45;99,3;21,75K;0,25%
27.09.2019;100,9;100,5;101,9;100,4;14,13K;0,05%
26.09.2019;100,85;101,4;102,9;100,05;17,31K;-0,10%
25.09.2019;100,95;98,9;101,55;97,25;24,94K;1,82%
24.09.2019;99,15;98,85;100,35;98,45;13,62K;0,15%
23.09.2019;99;98,5;100,9;98,15;17,16K;0,61%
20.09.2019;98,4;98,5;99,75;98,05;22,02K;0,05%
19.09.2019;98,35;100,35;100,75;98,1;17,60K;1,55%
18.09.2019;96,85;100,65;101,9;100,1;18,26K;0,00%
17.09.2019;96,85;103,75;104;100;34,03K;-3,92%
16.09.2019;100,8;102,3;104,95;101,6;21,40K;1,31%
13.09.2019;99,5;103,25;103,6;102,05;20,08K;-0,85%
12.09.2019;100,35;102,8;103,85;101,15;27,97K;0,20%
11.09.2019;100,15;101,15;101,15;101,15;0,00K;1,83%
10.09.2019;98,35;98,5;102,25;98;30,55K;3,53%
09.09.2019;95;97;99,25;95,3;22,97K;1,23%
06.09.2019;93,85;95,35;97,3;95;14,33K;1,79%
05.09.2019;92,2;96,8;97,45;95,05;19,59K;-1,28%
04.09.2019;93,4;95,65;96,95;95,5;16,60K;1,14%
03.09.2019;92,35;96;96,6;94,2;25,07K;-1,34%
30.08.2019;93,6;93,3;93,3;93,3;0,01K;1,85%
29.08.2019;91,9;93,35;93,35;93,35;0,01K;-2,44%
28.08.2019;94,2;93;93,9;92,85;0,01K;0,43%
27.08.2019;93,8;93,85;93,85;93,4;0,01K;-0,37%
26.08.2019;94,15;92,15;94,85;92,15;0,03K;1,67%
23.08.2019;92,6;92,85;92,85;92;0,02K;-0,96%
22.08.2019;93,5;93,15;93,6;92,25;0,11K;0,70%
21.08.2019;92,85;91,65;93,85;91,65;16,53K;1,53%
20.08.2019;91,45;91,35;91,8;89,6;12,09K;0,33%
19.08.2019;91,15;92,8;93,65;91,05;8,23K;-1,83%
16.08.2019;92,85;94,9;95,05;92,6;5,81K;-1,80%
15.08.2019;94,55;94,4;95,7;94,15;11,80K;0,11%
14.08.2019;94,45;95,85;96,4;94;17,29K;-1,97%
13.08.2019;96,35;93,7;96,6;93,15;30,65K;2,77%
12.08.2019;93,75;97,2;97,25;93,4;40,13K;-3,65%
09.08.2019;97,3;97,2;98,1;96,65;31,11K;-0,10%
08.08.2019;97,4;97,4;98,9;96,55;35,70K;0,52%
07.08.2019;96,9;96,8;97,7;96,05;25,95K;-0,15%
06.08.2019;97,05;95,75;97,75;95,2;26,45K;1,46%
05.08.2019;95,65;98,3;98,7;94,3;24,43K;-2,55%
02.08.2019;98,15;97,15;98,95;96,75;24,20K;0,93%
01.08.2019;97,25;97,85;98,45;96,4;24,41K;-2,41%
31.07.2019;99,65;99,1;100,45;98,1;24,47K;0,15%
30.07.2019;99,5;101,05;101,15;98,8;19,26K;-1,63%
29.07.2019;101,15;99,75;102,45;98,75;25,63K;1,40%
26.07.2019;99,75;100,6;102,65;99,05;27,62K;-0,89%
25.07.2019;100,65;101,35;101,65;100,3;20,32K;-0,35%
24.07.2019;101;102,45;103,65;100,55;31,14K;-1,27%
23.07.2019;102,3;105,15;105,6;102,15;26,11K;-2,66%
22.07.2019;105,1;106,7;108;105;19,29K;-0,71%
19.07.2019;105,85;108,55;109,9;107;22,38K;-1,21%
18.07.2019;107,15;105,3;105,3;105,3;0,00K;1,13%
17.07.2019;105,95;105,95;107,9;105,45;0,00K;1,78%
16.07.2019;104,1;110,2;110,25;105,45;0,01K;-4,32%
15.07.2019;108,8;106,45;110,65;104,45;25,71K;3,42%
12.07.2019;105,2;107,1;108,25;106,1;0,00K;-0,28%
11.07.2019;105,5;106,05;106,05;106,05;0,00K;1,10%
10.07.2019;104,35;107,75;109,25;105,55;0,00K;-1,46%
09.07.2019;105,9;106,35;108,3;105,35;34,08K;1,10%
08.07.2019;104,75;113,05;113,05;105,5;0,03K;-4,29%
05.07.2019;109,45;112,55;112,55;110,4;0,02K;-2,49%
03.07.2019;112,25;110,1;112,15;108,3;0,01K;3,70%
02.07.2019;108,25;110,35;110,35;108,6;0,09K;-1,72%
01.07.2019;110,15;112,55;112,55;109,6;0,05K;1,76%
28.06.2019;108,25;106,9;109;106,35;0,05K;2,56%
27.06.2019;105,55;105,2;105,8;105;0,02K;0,62%
26.06.2019;104,9;104,7;107,15;104,45;0,05K;-1,46%
25.06.2019;106,45;103;105,35;103;0,09K;4,36%
24.06.2019;102;99,3;102,4;99;0,22K;2,20%
21.06.2019;99,8;102,05;102,05;99,4;0,28K;-1,24%
20.06.2019;101,05;98;101,1;98;1,25K;4,99%
19.06.2019;96,25;94,45;97,45;94,35;9,59K;2,07%
18.06.2019;94,3;95,85;96;94;9,77K;-1,82%
17.06.2019;96,05;95,8;96,8;94,85;15,75K;0,05%
14.06.2019;96;97,4;98;95,85;27,58K;-1,39%
13.06.2019;97,35;99,1;99,7;97,3;28,59K;-1,72%
12.06.2019;99,05;97,15;99,2;96,75;31,37K;2,11%
11.06.2019;97;98,1;100,45;96,85;39,47K;-1,62%
10.06.2019;98,6;100,15;100,75;98;46,33K;-2,33%
07.06.2019;100,95;102,05;103,3;100,05;35,11K;-1,08%
06.06.2019;102,05;99;102,55;98,6;36,39K;2,98%
05.06.2019;99,1;105,35;105,6;97,9;60,42K;-6,20%
04.06.2019;105,65;103,25;106,15;102,7;43,49K;1,83%
03.06.2019;103,75;104,85;105,65;103;54,97K;-0,81%
31.05.2019;104,6;102,1;105,3;99,05;47,25K;2,20%
30.05.2019;102,35;100,15;102,75;99,5;51,09K;2,86%
29.05.2019;99,5;96,65;100,25;95,95;40,28K;3,59%
28.05.2019;96,05;93,2;96,45;92,65;36,41K;2,95%
24.05.2019;93,3;93,5;95;92,6;27,51K;-0,21%
23.05.2019;93,5;91,6;94;90,2;30,16K;1,91%
22.05.2019;91,75;93;93,85;91,5;26,08K;-1,24%
21.05.2019;92,9;89,6;93,35;88,5;32,02K;5,27%
20.05.2019;88,25;88,15;88,2;86,75;0,04K;1,03%
17.05.2019;87,35;88,05;88,05;88,05;0,01K;-2,94%
16.05.2019;90;89,7;89,7;89,7;0,00K;0,11%
15.05.2019;89,9;90,85;91,75;90,6;14,86K;0,39%
14.05.2019;89,55;90,1;92,55;89,95;23,53K;1,47%
13.05.2019;88,25;90,25;90,5;88,8;0,01K;-1,34%
10.05.2019;89,45;88,85;88,85;88,85;0,00K;-0,06%
09.05.2019;89,5;88,6;88,6;87,5;0,00K;2,64%
08.05.2019;87,2;87,6;87,6;87,45;0,01K;0,63%
07.05.2019;86,65;87,65;87,65;87;0,03K;-2,42%
06.05.2019;88,8;90,25;90,75;89,4;0,00K;-0,50%
03.05.2019;89,25;89,8;89,8;89,6;0,01K;-1,11%
02.05.2019;90,25;91,1;92,75;90,75;20,60K;0,50%
01.05.2019;89,8;91,7;91,7;91,7;0,00K;-2,23%
30.04.2019;91,85;91,35;93,85;91,35;0,13K;0,55%
29.04.2019;91,35;91,75;91,8;90,8;0,03K;-1,46%
26.04.2019;92,7;92;92,4;91,85;0,03K;0,71%
25.04.2019;92,05;91,9;92;91,5;0,17K;1,77%
24.04.2019;90,45;91,65;92;90,25;0,16K;-1,15%
23.04.2019;91,5;92;92;90,1;0,18K;0,44%
22.04.2019;91,1;90,5;93,2;90,5;0,58K;1,00%
18.04.2019;90,2;87,05;91,5;87;15,14K;3,62%
17.04.2019;87,05;90,2;90,75;86,35;26,97K;-3,81%
16.04.2019;90,5;91,05;91,55;89,8;19,19K;-0,98%
15.04.2019;91,4;90;91,7;89,85;34,58K;1,11%
12.04.2019;90,4;90,8;91,15;89,35;33,84K;0,17%
11.04.2019;90,25;94,1;94,3;90,15;62,05K;-4,24%
10.04.2019;94,25;93,75;94,5;93,1;28,26K;0,64%
09.04.2019;93,65;93,3;94,85;93,15;47,97K;0,75%
08.04.2019;92,95;93,2;93,8;92,05;35,23K;-0,27%
05.04.2019;93,2;94,8;95,75;93,05;35,73K;-2,20%
04.04.2019;95,3;95,2;96,95;94,5;43,59K;-0,05%
03.04.2019;95,35;91,65;95,85;91,3;48,27K;4,04%
02.04.2019;91,65;92,35;92,55;91,25;22,45K;-0,49%
01.04.2019;92,1;94,05;94,8;91,65;40,74K;-2,54%
29.03.2019;94,5;94,25;95,65;94,2;21,78K;0,53%
28.03.2019;94;93,4;94,6;92,7;24,20K;0,16%
27.03.2019;93,85;95,05;96,4;93,45;31,14K;-1,57%
26.03.2019;95,35;94,35;95,85;93,95;25,12K;1,17%
25.03.2019;94,25;93,65;94,85;92,6;23,11K;0,37%
22.03.2019;93,9;95;95,5;93,65;17,91K;-0,95%
21.03.2019;94,8;94,85;96,3;94,55;18,95K;0,05%
20.03.2019;94,75;96,6;96,8;94,35;25,00K;1,39%
19.03.2019;93,45;96,9;97,8;96,5;17,56K;-0,21%
18.03.2019;93,65;97;97,95;96,3;0,00K;-1,00%
15.03.2019;94,6;97,15;97,85;96,55;13,48K;0,69%
14.03.2019;93,95;95,3;95,3;94,05;0,00K;-0,53%
13.03.2019;94,45;96;97,75;95,2;22,95K;1,78%
12.03.2019;92,8;94,55;94,55;94,5;0,01K;-1,28%
11.03.2019;94;97,9;98,25;97;18,07K;-1,36%
08.03.2019;95,3;94,5;95,25;94,5;0,00K;1,76%
07.03.2019;93,65;98,6;99,3;96,8;21,10K;-1,94%
06.03.2019;95,5;99,95;100,05;98,3;0,02K;-0,98%
05.03.2019;96,45;97,35;100,25;97,15;24,74K;2,50%
04.03.2019;94,1;96,5;96,5;96,5;0,01K;-2,94%
01.03.2019;96,95;97,5;97,5;97,5;0,01K;1,84%
28.02.2019;95,2;94,7;95,55;94,7;0,04K;-0,52%
27.02.2019;95,7;93,95;96,3;93,95;0,02K;2,30%
26.02.2019;93,55;96,4;96,5;93,6;0,07K;-2,96%
25.02.2019;96,4;96,35;97,25;96,25;0,01K;-0,05%
22.02.2019;96,45;96,5;96,95;96,45;0,03K;0,36%
21.02.2019;96,1;97;97,35;96;0,04K;-1,49%
20.02.2019;97,55;97,6;98,2;96,1;0,22K;0,36%
19.02.2019;97,2;97,65;98,3;96,1;13,80K;-0,77%
15.02.2019;97,95;97,8;98,85;97,45;19,14K;0,10%
14.02.2019;97,85;98,85;99,2;97,05;17,48K;-1,06%
13.02.2019;98,9;101;101;98,65;29,86K;-1,54%
12.02.2019;100,45;100,2;101,25;99,9;28,91K;0,25%
11.02.2019;100,2;102,6;102,7;99,85;41,31K;-2,34%
08.02.2019;102,6;104,25;104,75;102,25;39,20K;-1,63%
07.02.2019;104,3;105,2;105,3;103,55;38,97K;-1,14%
06.02.2019;105,5;104,7;105,9;104,35;23,73K;0,62%
05.02.2019;104,85;105,8;106,2;104,25;21,21K;-0,71%
04.02.2019;105,6;103,8;106,35;103,25;28,65K;1,83%
01.02.2019;103,7;106,15;107;103,55;27,78K;-2,08%
31.01.2019;105,9;102,3;106,35;102,3;31,56K;3,72%
30.01.2019;102,1;102,65;103,35;101,95;12,75K;-0,49%
29.01.2019;102,6;103;103,3;102,15;16,06K;-0,05%
28.01.2019;102,65;105,65;105,8;101,55;31,32K;-3,89%
25.01.2019;106,8;106,1;107,15;105,2;26,25K;1,42%
24.01.2019;105,3;103,7;106,1;103,05;22,42K;1,84%
23.01.2019;103,4;102,9;104;102,3;16,63K;0,05%
22.01.2019;103,35;104,9;105,75;102,8;19,24K;-1,52%
18.01.2019;104,95;102,85;106,2;102,6;27,46K;2,49%
17.01.2019;102,4;102,4;103,5;101,75;17,11K;0,00%
16.01.2019;102,4;100,9;103;100,65;21,69K;1,09%
15.01.2019;101,3;102,25;102,9;100,4;20,66K;-1,41%
14.01.2019;102,75;103,4;103,55;101,55;16,71K;-1,06%
11.01.2019;103,85;104;104,8;102,5;24,88K;-0,38%
10.01.2019;104,25;105;106;103,35;23,61K;-1,00%
09.01.2019;105,3;105;106,85;104,35;21,96K;0,24%
08.01.2019;105,05;102,9;106,05;102,35;32,99K;2,24%
07.01.2019;102,75;101,5;103,45;101,15;15,31K;1,13%
04.01.2019;101,6;102,3;103;100,4;16,12K;-0,54%
03.01.2019;102,15;99,5;103,25;99,45;21,49K;2,66%
02.01.2019;99,5;101,6;102,65;99,35;22,18K;-2,31%
31.12.2018;101,85;100,95;102;99,3;11,74K;0,89%
28.12.2018;100,95;101,75;102,75;100,4;9,03K;-0,79%
27.12.2018;101,75;103,7;103,8;100,9;14,52K;-2,07%
26.12.2018;103,9;102,2;104;100,35;12,21K;1,66%
24.12.2018;102,2;99,7;102,4;99,65;8,82K;2,51%
21.12.2018;99,7;102,5;102,65;99,4;13,87K;-2,73%
20.12.2018;102,5;100,9;102,75;100,5;16,04K;1,64%
19.12.2018;100,85;99,5;101,9;98,6;18,60K;6,89%
18.12.2018;94,35;95,75;95,75;95,75;0,00K;-0,37%
17.12.2018;94,7;98,05;98,05;96,05;0,04K;-2,32%
14.12.2018;96,95;104;104;102,1;11,98K;-1,87%
13.12.2018;98,8;99,25;99,25;98,45;0,02K;1,07%
12.12.2018;97,75;98,15;98,15;98,15;0,02K;0,10%
11.12.2018;97,65;100,3;100,3;100,3;0,00K;-2,79%
10.12.2018;100,45;100;100,25;100;0,02K;1,67%
07.12.2018;98,8;106,7;107;103,85;26,72K;-1,84%
06.12.2018;100,65;100;100;100;0,10K;-0,30%
05.12.2018;100,95;102,3;102,35;101,3;0,02K;-0,93%
04.12.2018;101,9;102,05;102,7;101,9;0,01K;-1,55%
03.12.2018;103,5;108,5;110,85;107,4;26,95K;0,24%
30.11.2018;103,25;108,5;108,5;104;0,04K;-4,84%
29.11.2018;108,5;110,4;110,4;109,3;0,01K;-1,45%
28.11.2018;110,1;108,3;108,3;108,3;0,02K;0,55%
27.11.2018;109,5;107,5;109,8;107,4;0,02K;2,34%
26.11.2018;107;107,15;107,55;106,2;0,03K;-0,14%
23.11.2018;107,15;110,15;110,15;106,7;0,46K;-2,86%
21.11.2018;110,3;111,5;111,5;109,75;0,14K;-0,32%
20.11.2018;110,65;112,25;112,8;110,1;4,73K;-1,51%
19.11.2018;112,35;111,9;113;109,05;6,19K;-0,22%
16.11.2018;112,6;110,3;112,8;109,85;4,19K;2,32%
15.11.2018;110,05;112,65;113,7;109,4;8,08K;-2,31%
14.11.2018;112,65;109,2;112,95;108,6;17,19K;3,16%
13.11.2018;109,2;110,15;110,25;107,55;26,75K;-0,86%
12.11.2018;110,15;113,85;113,85;109,65;30,31K;-3,25%
09.11.2018;113,85;116,25;116,4;113,7;35,83K;-2,40%
08.11.2018;116,65;115,55;118,15;114,55;34,86K;0,91%
07.11.2018;115,6;114,1;115,9;113,65;33,31K;2,08%
06.11.2018;113,25;116,5;117,5;113,1;35,79K;-3,29%
05.11.2018;117,1;119,25;119,3;116,25;37,34K;-2,46%
02.11.2018;120,05;118,65;121,3;118,1;34,87K;1,91%
01.11.2018;117,8;113,05;118,2;112,6;53,36K;4,53%
31.10.2018;112,7;112,35;113,5;111,35;26,18K;0,27%
30.10.2018;112,4;114,7;115,75;112,15;33,86K;-1,62%
29.10.2018;114,25;120,1;122,8;113,95;37,96K;-4,51%
26.10.2018;119,65;121;122,8;119,25;27,54K;-1,24%
25.10.2018;121,15;119,85;123,1;119,3;28,16K;0,75%
24.10.2018;120,25;121,1;124,35;120;31,99K;-0,70%
23.10.2018;121,1;117,65;121,65;116,35;39,37K;2,93%
22.10.2018;117,65;121,9;122,1;117,45;24,48K;-3,64%
19.10.2018;122,1;121,75;125,5;120,9;26,41K;0,04%
18.10.2018;122,05;122,55;124,3;120,8;41,84K;-0,41%
17.10.2018;122,55;117,45;122,9;117;43,59K;4,16%
16.10.2018;117,65;119,8;120;116,8;33,67K;-1,42%
15.10.2018;119,35;116,9;119,7;116,9;45,21K;2,40%
12.10.2018;116,55;113,5;116,8;112,55;34,69K;3,23%
11.10.2018;112,9;111,5;113,5;109,75;35,80K;0,89%
10.10.2018;111,9;113,65;114,2;111,05;30,38K;-1,10%
09.10.2018;113,15;111,95;113,4;110,95;29,18K;1,16%
08.10.2018;111,85;110,6;112,95;110,45;40,73K;2,66%
05.10.2018;108,95;106,95;109,4;106,75;22,83K;1,87%
04.10.2018;106,95;106,15;108,8;104,8;26,41K;0,33%
03.10.2018;106,6;107,65;110,8;106,45;43,06K;-0,98%
02.10.2018;107,65;102,05;108,15;101,1;42,10K;5,33%
01.10.2018;102,2;102,15;103,45;101,4;26,26K;-0,24%
28.09.2018;102,45;99,15;103,45;98,75;34,02K;3,17%
27.09.2018;99,3;97,7;99,55;96,9;13,46K;1,59%
26.09.2018;97,75;97,3;98,6;96,7;13,73K;0,67%
25.09.2018;97,1;97,8;98,05;96,55;19,61K;-1,42%
24.09.2018;98,5;99,7;100,1;97,85;14,35K;-1,40%
21.09.2018;99,9;99,45;100,75;98,3;23,57K;0,15%
20.09.2018;99,75;96,9;100,7;96,65;26,43K;3,15%
19.09.2018;96,7;96,05;97,2;95,2;15,26K;5,11%
18.09.2018;92;97,3;98,2;95,1;28,04K;-1,55%
17.09.2018;93,45;95,1;95,1;93,5;0,01K;-2,10%
14.09.2018;95,45;95,45;95,45;95,25;0,02K;-0,99%
13.09.2018;96,4;96,7;96,7;96,7;0,00K;-1,48%
12.09.2018;97,85;96,8;97,8;96,8;0,00K;1,72%
11.09.2018;96,2;97,3;97,3;97,3;0,00K;-1,33%
10.09.2018;97,5;102,45;103,3;101,1;15,67K;-1,32%
07.09.2018;98,8;103;103,7;101,05;0,00K;0,87%
06.09.2018;97,95;99,05;99,05;99,05;0,00K;-2,15%
05.09.2018;100,1;101,6;103,9;101,45;23,03K;2,40%
04.09.2018;97,75;96,35;96,35;95,6;0,00K;-0,36%
31.08.2018;98,1;102,65;103,3;101,25;0,02K;-0,86%
30.08.2018;98,95;98,35;98,35;98,35;0,01K;0,30%
29.08.2018;98,65;99,2;99,2;99,2;0,01K;-0,60%
28.08.2018;99,25;101,7;102,25;100,2;0,03K;-2,55%
27.08.2018;101,85;101,95;102,2;101,95;0,09K;1,29%
24.08.2018;100,55;98,35;101,05;98,35;0,03K;3,45%
23.08.2018;97,2;96,4;98,25;96,15;0,28K;0,83%
22.08.2018;96,4;97,2;98,3;95,45;12,01K;-1,58%
21.08.2018;97,95;97,5;98,95;96,9;13,35K;0,72%
20.08.2018;97,25;101,2;101,75;96,95;15,58K;-3,90%
17.08.2018;101,2;102,3;102,55;100,25;11,69K;-0,49%
16.08.2018;101,7;102,65;103,55;101,3;16,03K;-0,68%
15.08.2018;102,4;105,35;105,55;102,1;28,29K;-2,52%
14.08.2018;105,05;106,15;106,95;105,05;37,56K;-1,13%
13.08.2018;106,25;107,05;107,25;104,35;46,20K;-0,70%
10.08.2018;107;107,2;107,6;106,4;43,34K;-0,60%
09.08.2018;107,65;107,8;108,4;106,85;29,13K;-0,19%
08.08.2018;107,85;108,85;108,9;106,65;38,06K;-1,10%
07.08.2018;109,05;108,55;110,25;108,45;47,05K;0,28%
06.08.2018;108,75;107,65;110,15;107,2;24,43K;0,93%
03.08.2018;107,75;107,05;108,75;106,7;26,84K;0,98%
02.08.2018;106,7;108,05;108,05;106;32,64K;-1,25%
01.08.2018;108,05;109,7;110,4;107,7;34,48K;-1,68%
31.07.2018;109,9;111,4;111,8;109,55;29,68K;-1,35%
30.07.2018;111,4;110,5;113,4;109,65;34,16K;0,86%
27.07.2018;110,45;109,5;110,85;108,7;21,09K;0,82%
26.07.2018;109,55;111,35;111,7;109,25;21,19K;-1,31%
25.07.2018;111;111,05;112;109,9;12,84K;0,05%
24.07.2018;110,95;111,75;113,2;110,15;21,61K;-0,63%
23.07.2018;111,65;111,05;113;110,7;23,94K;0,90%
20.07.2018;110,65;108,3;111,05;108,1;17,12K;5,13%
19.07.2018;105,25;108,05;109,45;107,3;17,97K;0,62%
18.07.2018;104,6;105,8;105,8;105,8;0,00K;-1,04%
17.07.2018;105,7;106,55;106,55;106,55;0,05K;-1,63%
16.07.2018;107,45;109,9;111,25;108,8;15,41K;0,37%
13.07.2018;107,05;108,15;108,25;107,15;0,01K;-1,52%
12.07.2018;108,7;112,2;113,35;111,35;19,14K;-0,46%
11.07.2018;109,2;108,5;109,35;108,35;0,01K;-2,46%
10.07.2018;111,95;111,8;111,8;111,8;0,00K;-0,22%
09.07.2018;112,2;114,35;115,2;112,6;23,98K;0,85%
06.07.2018;111,25;106,2;108,25;106,2;0,00K;4,66%
05.07.2018;106,3;106,3;106,3;106,3;0,01K;-1,89%
03.07.2018;108,35;109,75;109,75;108,45;0,00K;0,51%
02.07.2018;107,8;108,45;109,1;107,65;0,13K;-3,32%
29.06.2018;111,5;112,55;112,65;112,55;0,02K;-0,58%
28.06.2018;112,15;112;112;112;0,02K;-1,88%
27.06.2018;114,3;114,8;114,8;113,7;0,01K;-0,44%
26.06.2018;114,8;114,55;115,8;114,05;0,03K;0,57%
25.06.2018;114,15;113,75;114,35;113,5;0,04K;0,26%
22.06.2018;113,85;113,75;114,15;113,4;0,04K;1,11%
21.06.2018;112,6;113,75;113,75;112;0,32K;-0,92%
20.06.2018;113,65;114,1;114,8;113,35;11,21K;-0,39%
19.06.2018;114,1;114,3;114,35;112,65;13,00K;-0,31%
18.06.2018;114,45;115,4;115,8;114,3;10,40K;-0,65%
15.06.2018;115,2;115,65;115,65;114,6;17,16K;-0,43%
14.06.2018;115,7;116,5;117,15;115,55;32,07K;-0,56%
13.06.2018;116,35;117,2;117,25;116,2;28,77K;-0,85%
12.06.2018;117,35;117,05;117,95;116,75;26,63K;0,21%
11.06.2018;117,1;117,25;118,05;116,25;44,33K;-0,13%
08.06.2018;117,25;116,05;117,45;115,65;41,92K;1,34%
07.06.2018;115,7;118,25;118,65;115,65;48,60K;-2,16%
06.06.2018;118,25;119,3;119,85;118,2;28,57K;-1,00%
05.06.2018;119,45;121,15;121,55;119,15;33,65K;-1,69%
04.06.2018;121,5;122,55;123,15;120,9;35,55K;-1,02%
01.06.2018;122,75;123,9;124,95;122,35;36,14K;-0,77%
31.05.2018;123,7;120,4;124,05;120,25;32,67K;2,83%
30.05.2018;120,3;119,75;122,2;119,75;38,34K;0,04%
29.05.2018;120,25;119,8;120,5;119,35;17,87K;-0,12%
25.05.2018;120,4;120,6;120,7;119,1;12,51K;-0,12%
24.05.2018;120,55;119,7;121;119,45;21,64K;1,01%
23.05.2018;119,35;120,4;120,8;118,6;19,57K;-1,24%
22.05.2018;120,85;120,55;121,45;119,55;26,84K;0,54%
21.05.2018;120,2;118;120,6;117,85;25,92K;5,48%
18.05.2018;113,95;118,1;118,55;117,1;0,00K;0,09%
17.05.2018;113,85;117,35;119,1;117,25;18,99K;0,53%
16.05.2018;113,25;114,5;114,5;112,45;0,00K;0,31%
15.05.2018;112,9;114,75;114,75;113,2;0,00K;-0,66%
14.05.2018;113,65;119,05;119,25;117,2;20,21K;-1,39%
11.05.2018;115,25;115,35;116,4;115,1;0,02K;-0,90%
10.05.2018;116,3;118,6;119,7;118,35;21,57K;0,69%
09.05.2018;115,5;119,7;119,85;118,65;0,01K;-0,90%
08.05.2018;116,55;120,75;121,6;119,35;0,00K;-1,40%
07.05.2018;118,2;119,55;119,55;118,45;0,01K;-1,87%
04.05.2018;120,45;124,3;124,75;122,2;0,00K;-1,43%
03.05.2018;122,2;122,45;122,45;122,45;0,00K;0,49%
02.05.2018;121,6;122,75;122,75;122,75;0,00K;-0,82%
01.05.2018;122,6;122,85;122,85;122,85;0,00K;1,62%
30.04.2018;120,65;120,05;120,8;120,05;0,02K;0,25%
27.04.2018;120,35;119,8;120,3;119,15;0,02K;2,34%
26.04.2018;117,6;117,6;117,6;117,6;0,05K;0,64%
25.04.2018;116,85;117,75;117,75;116;0,02K;-1,39%
24.04.2018;118,5;117;118,5;116,65;0,09K;1,28%
23.04.2018;117;116,3;117,1;116,3;0,32K;1,08%
20.04.2018;115,75;115;115,25;114,45;0,63K;1,31%
19.04.2018;114,25;114,7;115,2;113,35;13,94K;-0,57%
18.04.2018;114,9;113,75;115,35;113,35;18,10K;1,19%
17.04.2018;113,55;114,5;114,6;113,05;17,73K;-0,61%
16.04.2018;114,25;117,3;117,35;114,15;20,64K;-2,60%
13.04.2018;117,3;118;118,95;117,1;39,10K;-0,51%
12.04.2018;117,9;118,3;118,4;117,45;26,05K;-0,21%
11.04.2018;118,15;117,85;118,35;116,5;43,03K;0,47%
10.04.2018;117,6;118,6;118,75;117,15;34,68K;-0,88%
09.04.2018;118,65;117,85;119,45;117,7;40,93K;1,02%
06.04.2018;117,45;117,6;118,05;116,8;31,35K;-0,09%
05.04.2018;117,55;117,3;118,4;117;31,09K;0,56%
04.04.2018;116,9;116,7;117,45;115,95;36,47K;0,26%
03.04.2018;116,6;116,75;117,15;116;21,39K;0,17%
02.04.2018;116,4;118,7;119,1;116,15;18,08K;-1,48%
29.03.2018;118,15;117,8;118,75;117,4;13,01K;0,34%
28.03.2018;117,75;119,15;119,2;117,35;12,66K;-1,01%
27.03.2018;118,95;118,4;119,75;117,7;19,92K;0,68%
26.03.2018;118,15;117,2;118,8;116,65;24,62K;0,81%
23.03.2018;117,2;118,9;119,15;116,5;23,23K;-1,51%
22.03.2018;119;119,35;119,65;118,15;14,01K;0,13%
21.03.2018;118,85;118,6;120,75;118,55;19,61K;-0,08%
20.03.2018;118,95;119,2;120,05;118,65;11,01K;0,51%
19.03.2018;118,35;118,15;119,85;118;0,00K;1,20%
16.03.2018;116,95;117,25;117,25;117,25;0,00K;-0,59%
15.03.2018;117,65;120;120,1;119,85;0,03K;-1,92%
14.03.2018;119,95;121,4;122,05;120,65;0,00K;-0,42%
13.03.2018;120,45;119,4;122,15;119,1;25,88K;1,95%
12.03.2018;118,15;120;120,1;118,9;16,85K;-0,59%
09.03.2018;118,85;119,75;119,75;119,4;0,00K;-0,13%
08.03.2018;119;119,1;119,1;119,1;0,00K;-0,25%
07.03.2018;119,3;118,5;119,6;118,15;0,01K;-0,54%
06.03.2018;119,95;120,1;120,1;120,1;0,00K;0,63%
05.03.2018;119,2;119,1;119,2;118,15;0,01K;-0,96%
02.03.2018;120,35;121,55;121,55;120,95;0,00K;-1,71%
01.03.2018;122,45;121,35;122;121,35;0,06K;1,16%
28.02.2018;121,05;120;120,5;120;0,00K;0,92%
27.02.2018;119,95;120,15;120,2;119,8;0,01K;-0,46%
26.02.2018;120,5;119,5;121,05;119,5;0,02K;0,88%
23.02.2018;119,45;119,8;121;118,75;0,10K;-0,13%
22.02.2018;119,6;117,65;118;117,45;0,03K;2,27%
21.02.2018;116,95;118;118,5;116,5;0,33K;-1,06%
20.02.2018;118,2;117,75;119,15;116,95;0,95K;0,21%
16.02.2018;117,95;121,85;122,25;117,65;15,90K;-3,12%
15.02.2018;121,75;122,7;123,4;121,45;17,03K;-0,86%
14.02.2018;122,8;122,85;123,1;120,9;11,97K;0,04%
13.02.2018;122,75;121,4;123;120,5;18,20K;1,11%
12.02.2018;121,4;121,75;123,2;120,8;37,90K;-0,37%
09.02.2018;121,85;122,7;124,1;121,75;32,42K;-0,81%
08.02.2018;122,85;122,85;124,4;121,75;34,97K;-0,36%
07.02.2018;123,3;122,95;123,9;122,6;35,71K;0,37%
06.02.2018;122,85;120;123,1;119,1;39,22K;2,55%
05.02.2018;119,8;120,4;120,7;119,5;32,79K;-0,50%
02.02.2018;120,4;121,55;121,6;119,85;23,71K;-0,82%
01.02.2018;121,4;121,7;122,3;120,35;24,08K;-0,37%
31.01.2018;121,85;122,5;123,3;121,15;19,03K;-0,37%
30.01.2018;122,3;124,75;125,2;121,55;32,82K;-2,12%
29.01.2018;124,95;125,55;125,85;123,65;29,52K;-0,16%
26.01.2018;125,15;123,65;125,35;123,5;25,37K;1,21%
25.01.2018;123,65;122,7;125,5;121,7;26,65K;0,94%
24.01.2018;122,5;121,25;123,1;120,7;19,65K;1,28%
23.01.2018;120,95;122,15;122,4;120,5;16,60K;-1,31%
22.01.2018;122,55;121,65;123,35;121,55;16,54K;1,07%
19.01.2018;121,25;121,1;121,75;119,6;18,48K;0,12%
18.01.2018;121,1;123,65;123,9;120,95;17,46K;-1,62%
17.01.2018;123,1;121;123,8;120,15;28,42K;2,20%
16.01.2018;120,45;121,8;121,85;119,85;29,30K;-1,47%
12.01.2018;122,25;122,8;123,25;120,9;26,75K;-0,45%
11.01.2018;122,8;123,95;124;122,15;22,17K;-0,93%
10.01.2018;123,95;125,45;125,95;123;21,99K;-0,96%
09.01.2018;125,15;125,3;125,3;122,6;24,57K;0,00%
08.01.2018;125,15;127,6;127,65;124,3;31,51K;-2,57%
05.01.2018;128,45;129,2;129,55;127,9;21,74K;-0,85%
04.01.2018;129,55;128,2;129,65;126,6;21,05K;0,74%
03.01.2018;128,6;130;131,35;126,2;37,67K;-1,23%
02.01.2018;130,2;126;130,65;126;29,54K;3,17%
29.12.2017;126,2;124,6;126,55;124,4;16,69K;1,12%
28.12.2017;124,8;124;124,9;123,2;12,04K;0,24%
27.12.2017;124,5;122,3;124,7;121,7;17,27K;1,88%
26.12.2017;122,2;120,75;122,3;120,65;7,30K;1,50%
22.12.2017;120,4;122,45;122,5;119,5;14,49K;-1,51%
21.12.2017;122,25;122,7;123,55;121,3;14,35K;-0,73%
20.12.2017;123,15;122,5;124,05;122,05;14,11K;1,15%
19.12.2017;121,75;121,9;122,45;121;15,19K;2,70%
18.12.2017;118,55;121,5;123,8;121,5;0,01K;1,37%
15.12.2017;116,95;117,05;117,05;116,9;0,01K;-1,85%
14.12.2017;119,15;120,55;121,3;119,8;14,56K;0,17%
13.12.2017;118,95;119,3;120,7;119;0,00K;1,62%
12.12.2017;117,05;120,6;121,35;118,3;0,00K;-1,64%
11.12.2017;119;121;121;121;0,01K;-1,33%
08.12.2017;120,6;122,9;123,9;121,9;22,03K;-0,21%
07.12.2017;120,85;126,2;126,4;122,1;0,01K;-3,20%
06.12.2017;124,85;126;126,1;125;0,47K;-0,87%
05.12.2017;125,95;126,75;126,75;125,85;0,03K;-0,63%
04.12.2017;126,75;126,2;127,25;126,15;0,01K;-0,63%
01.12.2017;127,55;126,95;128;126,95;0,01K;0,99%
30.11.2017;126,3;129,95;130,3;126,25;0,07K;-2,55%
29.11.2017;129,6;127,7;129,65;127,55;0,01K;1,69%
28.11.2017;127,45;125,5;127,1;124,85;0,02K;1,51%
27.11.2017;125,55;125,25;126,3;125,05;0,04K;0,60%
24.11.2017;124,8;124;126,6;124;0,09K;0,20%
22.11.2017;124,55;124,1;125,1;123,85;0,08K;0,57%
21.11.2017;123,85;123,15;125,4;122,55;0,36K;0,77%
20.11.2017;122,9;122,5;123,7;121,15;12,10K;-0,73%
17.11.2017;123,8;126,15;126,55;123,55;14,56K;-2,29%
16.11.2017;126,7;126,55;127,45;125,95;9,23K;-0,04%
15.11.2017;126,75;127,15;128,1;125,65;13,65K;-0,24%
14.11.2017;127,05;127,55;129;124,25;25,52K;-0,43%
13.11.2017;127,6;127,5;128,15;126,65;29,17K;0,04%
10.11.2017;127,55;126,05;128,35;125,5;34,38K;0,91%
09.11.2017;126,4;125,55;127,4;125;31,15K;0,52%
08.11.2017;125,75;125,05;125,9;124,2;30,26K;0,84%
07.11.2017;124,7;125,5;125,8;123,1;29,17K;-0,68%
06.11.2017;125,55;123,95;126,4;122,25;18,63K;1,29%
03.11.2017;123,95;127,15;127,4;123,25;25,59K;-1,94%
02.11.2017;126,4;123,35;127,6;122,55;33,63K;2,81%
01.11.2017;122,95;124,7;126,2;121,2;34,71K;-1,72%
31.10.2017;125,1;125,1;125,7;124,15;22,00K;-0,64%
30.10.2017;125,9;127;127,75;125,05;12,84K;-0,55%
27.10.2017;126,6;124;127,5;123,7;21,41K;1,65%
26.10.2017;124,55;124,4;124,9;123;18,91K;0,36%
25.10.2017;124,1;123,3;125,3;123,1;13,17K;0,73%
24.10.2017;123,2;124,25;124,75;122,85;13,99K;-0,92%
23.10.2017;124,35;125,1;126,5;123,85;12,53K;-0,72%
20.10.2017;125,25;126,95;127,95;124;17,83K;-1,26%
19.10.2017;126,85;124,75;128,05;124,5;20,37K;2,05%
18.10.2017;124,3;124,15;124,7;123;12,32K;0,12%
17.10.2017;124,15;123,75;125,05;123;15,25K;0,32%
16.10.2017;123,75;126,1;126,45;123,7;19,77K;-2,14%
13.10.2017;126,45;126,4;127,15;125,45;14,59K;0,08%
12.10.2017;126,35;127,2;127,8;125,4;16,89K;-0,35%
11.10.2017;126,8;129,8;129,85;126,55;25,33K;-3,21%
10.10.2017;131;131;132,7;130,05;21,71K;0,04%
09.10.2017;130,95;131;131,9;129,8;17,44K;0,73%
06.10.2017;130;127,9;130,7;127,4;18,12K;2,20%
05.10.2017;127,2;125,75;127,65;124,3;14,90K;1,64%
04.10.2017;125,15;126,2;126,4;124,4;19,59K;-0,24%
03.10.2017;125,45;127,4;127,8;125,4;17,54K;-1,38%
02.10.2017;127,2;127,8;128;125,3;22,45K;-0,66%
29.09.2017;128,05;128,95;129,15;127,25;16,44K;-0,35%
28.09.2017;128,5;129,45;129,7;127,5;15,67K;-0,66%
27.09.2017;129,35;131,95;132,15;129;17,14K;-2,19%
26.09.2017;132,25;131,55;133,65;130,85;14,98K;0,53%
25.09.2017;131,55;133,65;133,7;131,35;16,95K;-2,16%
22.09.2017;134,45;135,8;136,2;134,05;18,15K;-0,41%
21.09.2017;135;136,2;136,2;133,65;13,40K;-1,14%
20.09.2017;136,55;135,35;137,45;132,9;25,87K;1,94%
19.09.2017;133,95;139,8;140,4;134,45;0,00K;-3,60%
18.09.2017;138,95;141,35;141,35;139,45;0,01K;-0,75%
15.09.2017;140;139,25;140,15;139,25;0,01K;3,05%
14.09.2017;135,85;137;137,25;137;0,01K;-0,55%
13.09.2017;136,6;134,6;136,4;133,55;0,01K;2,09%
12.09.2017;133,8;132,75;132,75;132,75;0,01K;1,48%
11.09.2017;131,85;130,65;131,95;129,75;18,20K;0,92%
08.09.2017;130,65;128,85;131;128,85;19,84K;1,16%
07.09.2017;129,15;128;129,9;127,1;15,52K;0,98%
06.09.2017;127,9;128;128,85;126,75;14,25K;0,04%
05.09.2017;127,85;128,6;131,25;127,2;19,60K;-0,93%
01.09.2017;129,05;129;130,85;128,5;15,36K;-0,23%
31.08.2017;129,35;128,5;129,85;127,1;18,40K;0,90%
30.08.2017;128,2;128,65;129,3;126,9;15,38K;-0,35%
29.08.2017;128,65;131,7;131,85;128,2;15,12K;-2,06%
28.08.2017;131,35;131,7;132,45;129,6;15,65K;-0,04%
25.08.2017;131,4;128,3;131,95;127,95;18,54K;2,74%
24.08.2017;127,9;128,7;129,85;127,15;15,97K;-0,62%
23.08.2017;128,7;129,05;130,35;128,45;15,85K;-0,31%
22.08.2017;129,1;130,2;130,55;129,05;20,80K;-0,81%
21.08.2017;130,15;132,1;132,6;129,8;27,79K;-1,18%
18.08.2017;131,7;132,5;132,85;130,35;25,32K;-0,27%
17.08.2017;132,05;135;135,15;131,1;25,12K;-1,82%
16.08.2017;134,5;136,55;137,05;133,6;23,86K;-0,77%
15.08.2017;135,55;140,5;140,5;135,1;26,59K;-3,52%
14.08.2017;140,5;143,05;143,45;139,85;21,54K;-2,33%
11.08.2017;143,85;141,95;144,35;140,5;18,05K;1,30%
10.08.2017;142;146;146,95;141,2;22,89K;-2,84%
09.08.2017;146,15;145,4;146,9;143,75;21,47K;-0,10%
08.08.2017;146,3;145,5;147,25;145,5;18,08K;0,52%
07.08.2017;145,55;143,3;146,3;143,05;17,31K;1,29%
04.08.2017;143,7;143,15;145;142,65;11,90K;-0,07%
03.08.2017;143,8;144,2;145,05;142,5;8,28K;-0,10%
02.08.2017;143,95;141,5;144,7;141,15;6,32K;1,80%
01.08.2017;141,4;142,75;143,05;139,4;8,33K;-0,95%
31.07.2017;142,75;140,9;142,9;140,6;4,90K;0,95%
28.07.2017;141,4;139,3;142,4;138,5;7,99K;1,36%
27.07.2017;139,5;138,55;140,15;137,7;7,08K;0,83%
26.07.2017;138,35;134,2;138,7;133,45;9,91K;3,09%
25.07.2017;134,2;136,5;136,75;132,95;6,62K;-1,43%
24.07.2017;136,15;139,2;139,3;135,95;8,12K;-2,82%
21.07.2017;140,1;138,75;140,35;138,35;6,80K;1,12%
20.07.2017;138,55;138,75;139,35;137,65;6,06K;2,03%
19.07.2017;135,8;134,55;135,95;134;18,31K;0,67%
18.07.2017;134,9;133;135,3;132,8;18,36K;1,01%
17.07.2017;133,55;133,7;135;131,8;19,04K;-0,11%
14.07.2017;133,7;131,2;134,05;131,1;24,23K;1,91%
13.07.2017;131,2;128,1;131,85;127,8;24,43K;2,82%
12.07.2017;127,6;127,3;128,45;126,2;12,90K;0,55%
11.07.2017;126,9;129;129,5;125,8;17,70K;-1,32%
10.07.2017;128,6;128,7;129,4;127,05;15,84K;-0,23%
07.07.2017;128,9;129,45;129,5;126,8;13,25K;-0,15%
06.07.2017;129,1;129,7;131,3;127,55;18,62K;-0,69%
05.07.2017;130;128,25;131,2;127,9;20,44K;1,80%
03.07.2017;127,7;126,5;129,5;126,35;23,00K;1,59%
30.06.2017;125,7;126,55;128,4;125,35;17,14K;-0,51%
29.06.2017;126,35;124,9;127,9;124,6;15,80K;1,57%
28.06.2017;124,4;125,65;126;123,3;10,82K;-0,72%
27.06.2017;125,3;124,35;126,4;123,9;13,16K;0,64%
26.06.2017;124,5;123,95;126,6;123,6;19,86K;1,22%
23.06.2017;123;117,85;123,55;117,55;31,52K;5,58%
22.06.2017;116,5;122,4;122,5;115,5;31,72K;-4,55%
21.06.2017;122,05;124,6;124,85;121,85;20,72K;-2,05%
20.06.2017;124,6;126,2;126,45;123,3;25,60K;-1,58%
19.06.2017;126,6;126,05;126,95;125,65;24,38K;0,52%
16.06.2017;125,95;128,5;129,35;125,35;27,14K;-1,64%
15.06.2017;128,05;128,25;129,85;127,75;28,63K;0,23%
14.06.2017;127,75;128,25;130;127,55;36,03K;-0,70%
13.06.2017;128,65;129,9;130,35;127,95;23,82K;-0,89%
12.06.2017;129,8;129,9;131,45;128,9;35,57K;0,74%
09.06.2017;128,85;128,6;130,95;128,6;22,73K;0,16%
08.06.2017;128,65;128,55;129;127,65;17,14K;0,47%
07.06.2017;128,05;128,4;129;127,75;15,51K;0,12%
06.06.2017;127,9;131,35;131,9;127,75;12,40K;-2,22%
05.06.2017;130,8;128,05;131,75;128;10,18K;2,27%
02.06.2017;127,9;130,3;130,35;127,65;12,79K;-1,65%
01.06.2017;130,05;131,9;132,3;129,8;9,44K;-1,25%
31.05.2017;131,7;134,4;135,7;130,7;14,11K;-2,01%
30.05.2017;134,4;132,9;135;132,9;6,03K;0,64%
26.05.2017;133,55;132,05;134,55;131;8,78K;1,44%
25.05.2017;131,65;131,35;132,35;129,6;12,58K;0,53%
24.05.2017;130,95;132,9;133,05;130,35;4,73K;-1,28%
23.05.2017;132,65;132,95;134,05;132,3;2,80K;-0,23%
22.05.2017;132,95;134,7;135,35;132;4,53K;-1,15%
19.05.2017;134,5;131,7;135,75;131,6;6,23K;3,74%
18.05.2017;129,65;133,2;133,2;129,3;24,36K;-3,53%
17.05.2017;134,4;132,1;135,35;130,05;22,42K;2,24%
16.05.2017;131,45;132,95;134,15;131,2;13,88K;-1,50%
15.05.2017;133,45;134,8;135,5;133,1;8,12K;-1,11%
12.05.2017;134,95;134,5;135,65;133,65;11,30K;0,52%
11.05.2017;134,25;136,35;137,35;133,45;15,13K;-1,76%
10.05.2017;136,65;135,4;136,8;134,8;12,18K;1,11%
09.05.2017;135,15;136,85;137;134,8;11,76K;-1,28%
08.05.2017;136,9;135,5;137,1;135,1;12,87K;0,88%
05.05.2017;135,7;135,05;136,25;134,1;13,96K;0,56%
04.05.2017;134,95;136,95;137;132,35;15,68K;-1,82%
03.05.2017;137,45;136,4;137,75;134,9;14,32K;0,88%
02.05.2017;136,25;136,25;136,65;133,25;14,57K;0,29%
01.05.2017;135,85;134;137,45;133,7;13,87K;1,84%
28.04.2017;133,4;129,85;134,5;128,75;21,14K;3,01%
27.04.2017;129,5;130,75;131,4;128,65;20,33K;-0,92%
26.04.2017;130,7;133;133,65;130,15;19,13K;-1,28%
25.04.2017;132,4;131,6;132,9;130,5;18,32K;0,38%
24.04.2017;131,9;132,9;134,35;131,65;22,54K;-0,75%
21.04.2017;132,9;133,55;135,25;131,55;36,70K;-1,04%
20.04.2017;134,3;141,8;142,6;133,85;31,49K;-4,51%
19.04.2017;140,65;145,15;146,4;140,1;32,06K;-3,37%
18.04.2017;145,55;143,2;145,9;142,2;35,61K;1,43%
17.04.2017;143,5;141,25;143,95;140,85;19,70K;1,59%
13.04.2017;141,25;140,8;142,4;140,75;23,83K;0,46%
12.04.2017;140,6;142,25;144,15;139,9;27,03K;-1,26%
11.04.2017;142,4;142;142,9;141,55;33,27K;0,18%
10.04.2017;142,15;142,15;143,4;141,4;19,92K;-0,18%
07.04.2017;142,4;140,45;142,6;138,95;19,83K;1,64%
06.04.2017;140,1;139,9;141,3;139,5;15,89K;0,36%
05.04.2017;139,6;140,7;141,45;139,35;14,00K;-0,32%
04.04.2017;140,05;139,8;140,8;138,6;16,25K;-0,14%
03.04.2017;140,25;141,25;145,15;139,95;10,96K;-0,99%
31.03.2017;141,65;141,85;142,3;140,3;8,50K;-0,04%
30.03.2017;141,7;141,7;142,4;141;4,41K;0,00%
29.03.2017;141,7;141,25;142,65;139,95;6,31K;0,35%
28.03.2017;141,2;141,85;142;140,1;6,05K;-0,25%
27.03.2017;141,55;139,9;141,7;138,55;13,49K;1,11%
24.03.2017;140;142,9;142,9;139,5;10,09K;-2,03%
23.03.2017;142,9;144,05;144,2;141,95;4,75K;-0,80%
22.03.2017;144,05;146,85;146,85;143,55;3,94K;-0,48%
21.03.2017;144,75;145,05;146,4;144,2;11,94K;-0,34%
20.03.2017;145,25;142,35;145,45;141,85;14,27K;2,25%
17.03.2017;142,05;142,25;142,4;140,4;9,87K;0,42%
16.03.2017;141,45;142;143,9;140,95;15,21K;0,39%
15.03.2017;140,9;141,4;142,2;140,4;7,65K;-0,25%
14.03.2017;141,25;142,65;143,35;140,8;11,93K;-0,77%
13.03.2017;142,35;141,55;143,6;138,6;19,48K;0,71%
10.03.2017;141,35;140,5;141,9;140,15;12,03K;0,64%
09.03.2017;140,45;141,5;142,8;140,15;13,65K;-0,92%
08.03.2017;141,75;141;142,55;139,65;15,08K;0,75%
07.03.2017;140,7;141,6;142,35;140,05;14,16K;-0,53%
06.03.2017;141,45;142,65;144,4;141,4;11,89K;-1,29%
03.03.2017;143,3;144,15;145,1;142,65;14,95K;-0,73%
02.03.2017;144,35;145,25;146,5;142,45;16,83K;-0,31%
01.03.2017;144,8;143,15;145,5;139,65;22,34K;1,54%
28.02.2017;142,6;141,5;143,1;140,4;17,44K;1,06%
27.02.2017;141,1;145,8;146;140,6;20,79K;-3,52%
24.02.2017;146,25;150,2;150,95;145,4;18,64K;-2,47%
23.02.2017;149,95;150,75;152,4;149,8;11,44K;-0,63%
22.02.2017;150,9;151,15;153,3;150,4;15,67K;-0,63%
21.02.2017;151,85;149,55;152,5;149,5;14,58K;1,54%
17.02.2017;149,55;148,3;150,35;147,2;13,50K;0,77%
16.02.2017;148,4;147,7;149,1;147,5;17,73K;0,99%
15.02.2017;146,95;145,4;147,45;144,45;23,55K;0,69%
14.02.2017;145,95;146,85;148;144,8;22,61K;-0,41%
13.02.2017;146,55;148;148,35;145,85;20,61K;-1,08%
10.02.2017;148,15;147,5;149,2;147,2;21,46K;0,37%
09.02.2017;147,6;145,95;148,05;145,25;24,91K;1,58%
08.02.2017;145,3;145,45;146,7;144,2;22,11K;0,17%
07.02.2017;145,05;146,9;146,9;145;19,45K;-1,02%
06.02.2017;146,55;148,25;149,25;146,3;14,85K;-1,45%
03.02.2017;148,7;148;150,05;147,2;12,88K;0,13%
02.02.2017;148,5;152,4;153,6;148,3;13,15K;-2,65%
01.02.2017;152,55;151,9;154;150;17,69K;0,36%
31.01.2017;152;153,6;155;149,2;13,52K;-1,11%
30.01.2017;153,7;154,3;154,5;152,15;7,69K;-0,77%
27.01.2017;154,9;153,55;155,85;152,8;4,65K;0,62%
26.01.2017;153,95;156,2;156,6;152,9;10,98K;-0,90%
25.01.2017;155,35;154;157,95;153,7;6,94K;0,36%
24.01.2017;154,8;156,3;159,3;154,25;5,86K;-1,90%
23.01.2017;157,8;155,3;159,1;155,3;6,64K;1,41%
20.01.2017;155,6;153;155,7;153;3,64K;1,60%
19.01.2017;153,15;151,5;153,75;151;2,90K;1,06%
18.01.2017;151,55;152,05;152,35;149,2;5,38K;-0,49%
17.01.2017;152,3;151,55;153,1;150,5;5,99K;0,40%
13.01.2017;151,7;151,45;152,25;149,75;7,15K;-0,20%
12.01.2017;152;151,7;153,9;150,95;5,65K;0,40%
11.01.2017;151,4;150,2;153,25;149,95;10,13K;0,90%
10.01.2017;150,05;146,5;150,2;146,5;4,90K;2,39%
09.01.2017;146,55;144,6;148,7;143,15;6,44K;0,96%
06.01.2017;145,15;146;146,8;144,4;3,24K;-0,62%
05.01.2017;146,05;144,2;147,65;144,15;6,96K;1,35%
04.01.2017;144,1;139,95;145,2;139,8;5,15K;3,15%
03.01.2017;139,7;140;141,35;136,7;4,93K;0,22%
30.12.2016;139,4;138,15;141,05;138;3,09K;1,20%
29.12.2016;137,75;135,6;140,65;135,5;3,10K;1,40%
28.12.2016;135,85;137,9;138,25;135,2;3,21K;-0,48%
27.12.2016;136,5;138,95;139;135,7;3,57K;-1,37%
23.12.2016;138,4;141,15;141,95;138,2;3,47K;-2,09%
22.12.2016;141,35;146,5;146,5;140,95;2,81K;-3,68%
21.12.2016;146,75;145,6;147;144,75;3,44K;0,44%
20.12.2016;146,1;146,95;147,4;144,7;2,74K;1,28%
19.12.2016;144,25;142;144,95;141,8;11,40K;1,26%
16.12.2016;142,45;142,85;143,2;140,8;11,17K;0,18%
15.12.2016;142,2;143,15;143,45;139,3;17,20K;-1,35%
14.12.2016;144,15;142,8;144,8;141;18,20K;0,91%
13.12.2016;142,85;142,7;144;141,25;13,86K;0,60%
12.12.2016;142;139,95;143,1;138,75;19,03K;1,90%
09.12.2016;139,35;141,95;142,55;138,95;15,60K;-1,45%
08.12.2016;141,4;142,5;143,45;140,65;14,47K;-0,21%
07.12.2016;141,7;142,6;144,55;140,75;19,43K;-0,21%
06.12.2016;142;144,15;145,7;141,8;20,62K;-1,73%
05.12.2016;144,5;145;147,45;144,3;18,70K;-0,89%
02.12.2016;145,8;143,9;148,75;143,9;23,85K;0,62%
01.12.2016;144,9;151,05;151,25;144,65;27,95K;-3,78%
30.11.2016;150,6;152,8;153,5;150,45;18,29K;-1,60%
29.11.2016;153,05;157;157,4;152,5;19,12K;-2,30%
28.11.2016;156,65;156,35;157,15;154,45;17,24K;0,80%
25.11.2016;155,4;157,85;158,6;154,2;15,25K;-1,46%
23.11.2016;157,7;161,3;161,5;157,5;17,55K;-2,56%
22.11.2016;161,85;164;164,55;161,4;13,91K;-0,89%
21.11.2016;163,3;161,9;164,1;159,5;18,78K;0,74%
18.11.2016;162,1;162,55;164,6;161,4;19,79K;-0,52%
17.11.2016;162,95;164,3;164,9;162,3;17,47K;-0,88%
16.11.2016;164,4;165,45;166,2;163,3;19,83K;-0,54%
15.11.2016;165,3;166,05;169;163,8;22,50K;-0,09%
14.11.2016;165,45;162,45;166,35;161;36,39K;1,44%
11.11.2016;163,1;166,4;167,65;161,75;40,63K;-1,54%
10.11.2016;165,65;174,4;176,45;165,3;32,49K;-4,69%
09.11.2016;173,8;169,25;174,45;166,95;24,60K;1,52%
08.11.2016;171,2;178,45;179,55;170,95;37,23K;-3,79%
07.11.2016;177,95;173,55;179,15;173,55;22,80K;1,74%
04.11.2016;174,9;169;175,5;168,65;18,67K;3,37%
03.11.2016;169,2;166,65;170,1;166,6;11,63K;1,65%
02.11.2016;166,45;164,5;167,85;163,85;8,37K;0,88%
01.11.2016;165;166,6;168,8;164,75;13,09K;-1,52%
31.10.2016;167,55;167,5;169,15;166,4;10,16K;-0,83%
28.10.2016;168,95;168,5;170,25;167,05;7,85K;0,39%
27.10.2016;168,3;166,95;169,85;165,8;11,32K;0,66%
26.10.2016;167,2;166,5;169,1;166,5;13,94K;-0,42%
25.10.2016;167,9;162;168,05;161,85;16,39K;4,03%
24.10.2016;161,4;159,1;162,7;159,1;5,95K;1,13%
21.10.2016;159,6;158,9;160,9;158,55;7,99K;0,13%
20.10.2016;159,4;161;161,7;158,8;6,69K;-1,21%
19.10.2016;161,35;161,7;162;159,7;5,88K;-0,52%
18.10.2016;162,2;161;163,05;160,55;6,30K;1,03%
17.10.2016;160,55;158,3;160,7;158;3,78K;1,10%
14.10.2016;158,8;156,55;159,35;156,55;4,59K;1,70%
13.10.2016;156,15;155,55;157,1;155,15;7,40K;0,39%
12.10.2016;155,55;154,55;156,25;153,9;5,32K;0,88%
11.10.2016;154,2;156,45;156,45;153,9;8,54K;-1,31%
10.10.2016;156,25;151,1;156,7;151,1;8,07K;3,24%
07.10.2016;151,35;149,8;152,7;148,6;6,50K;1,07%
06.10.2016;149,75;151,95;152,2;149,5;4,78K;-1,19%
05.10.2016;151,55;151,2;154,5;151,1;3,16K;0,50%
04.10.2016;150,8;150,75;151,9;150,15;4,55K;-0,07%
03.10.2016;150,9;154,15;154,95;150,55;3,68K;-2,58%
30.09.2016;154,9;153,15;155,9;152,2;5,89K;0,91%
29.09.2016;153,5;156,7;158,25;153,2;5,90K;-1,85%
28.09.2016;156,4;157,05;157,8;154,4;6,83K;-0,38%
27.09.2016;157;156,75;157,65;154,8;2,29K;0,10%
26.09.2016;156,85;155,25;157,1;152,3;4,36K;1,46%
23.09.2016;154,6;157,7;157,9;154,5;6,66K;-2,46%
22.09.2016;158,5;159,75;164,1;158;6,14K;-0,78%
21.09.2016;159,75;159;161,95;159;7,31K;1,88%
20.09.2016;156,8;153,2;157,8;152,8;22,12K;2,62%
19.09.2016;152,8;149,05;153,9;149,05;20,93K;2,96%
16.09.2016;148,4;148,6;149,45;147,4;11,29K;-0,34%
15.09.2016;148,9;148,6;151;148,1;14,83K;0,00%
14.09.2016;148,9;148,5;149,75;147,65;14,18K;0,34%
13.09.2016;148,4;151,75;153;148,15;19,31K;-1,66%
12.09.2016;150,9;149;151,65;148,45;16,51K;-0,17%
09.09.2016;151,15;154,6;154,85;150,55;17,80K;-2,42%
08.09.2016;154,9;155,2;155,7;153,2;19,79K;-0,13%
07.09.2016;155,1;154;155,65;152,8;18,00K;0,88%
06.09.2016;153,75;151,55;153,9;151,4;18,39K;1,55%
02.09.2016;151,4;150,9;152,7;149,65;20,39K;0,00%
01.09.2016;151,4;146,7;152,9;146,6;30,72K;2,96%
31.08.2016;147,05;145,95;147,4;144,8;17,46K;0,68%
30.08.2016;146,05;145,1;146,35;142,85;18,03K;0,65%
29.08.2016;145,1;144,55;147,25;144,05;12,90K;0,17%
26.08.2016;144,85;144,3;147,6;143,25;20,22K;0,28%
25.08.2016;144,45;142,35;144,95;142,35;10,51K;0,94%
24.08.2016;143,1;147,1;147,8;142,25;19,32K;-2,82%
23.08.2016;147,25;145,8;147,75;145;16,50K;0,58%
22.08.2016;146,4;141,6;146,6;141;21,18K;3,39%
19.08.2016;141,6;141,6;143;140,45;21,38K;0,11%
18.08.2016;141,45;138,45;142,1;138,15;23,09K;2,43%
17.08.2016;138,1;140,5;140,65;137,85;21,40K;-1,88%
16.08.2016;140,75;140,1;141,5;139,9;19,76K;0,14%
15.08.2016;140,55;140,3;144,2;139,8;29,45K;0,14%
12.08.2016;140,35;141,5;141,8;140;14,92K;-0,57%
11.08.2016;141,15;142,2;142,2;140,35;30,63K;-0,84%
10.08.2016;142,35;145,35;145,4;142,25;19,24K;-1,66%
09.08.2016;144,75;145,25;145,9;142,25;20,05K;-0,03%
08.08.2016;144,8;146,4;147,9;144;17,43K;-0,92%
05.08.2016;146,15;146,7;147,4;144,9;15,79K;0,31%
04.08.2016;145,7;143,95;146,8;140,45;17,93K;1,29%
03.08.2016;143,85;145;145,5;143,25;11,89K;-0,52%
02.08.2016;144,6;147;149;143,9;8,12K;-1,47%
01.08.2016;146,75;148;149;146,5;5,75K;-1,84%
29.07.2016;149,5;145,7;149,65;143,55;9,83K;2,86%
28.07.2016;145,35;145,2;145,65;142,6;4,69K;0,69%
27.07.2016;144,35;145,5;145,75;142,8;4,12K;-0,28%
26.07.2016;144,75;144,7;146,1;143,55;4,46K;0,38%
25.07.2016;144,2;145,35;145,7;142,15;5,87K;-0,55%
22.07.2016;145;149,8;149,9;143,45;9,92K;-3,27%
21.07.2016;149,9;150,55;152,65;149,35;6,02K;-0,03%
20.07.2016;149,95;148,6;151,6;148,15;4,29K;2,32%
19.07.2016;146,55;150,4;151,3;146,25;14,79K;-1,94%
18.07.2016;149,45;147,15;149,75;144,85;18,31K;1,29%
15.07.2016;147,55;152,5;154,8;147;25,17K;-3,02%
14.07.2016;152,15;148,4;152,8;148,4;16,67K;3,05%
13.07.2016;147,65;146,6;149,4;146,4;16,46K;0,17%
12.07.2016;147,4;149,95;151,4;146,85;20,85K;-1,27%
11.07.2016;149,3;145,1;149,95;145,05;21,26K;3,61%
08.07.2016;144,1;142,25;144,35;141,6;12,71K;1,62%
07.07.2016;141,8;143,5;145,3;141,2;16,46K;-1,05%
06.07.2016;143,3;144,85;144,95;140,05;21,50K;-1,55%
05.07.2016;145,55;146,05;147,2;144,1;17,07K;-0,58%
01.07.2016;146,4;146;148;144,6;19,60K;0,51%
30.06.2016;145,65;144,3;147,9;142;26,22K;0,83%
29.06.2016;144,45;140,85;144,8;140,85;16,10K;2,74%
28.06.2016;140,6;137,2;141,55;137;17,29K;3,34%
27.06.2016;136,05;136,95;138,3;134,6;25,85K;-0,80%
24.06.2016;137,15;139,7;139,8;136,1;20,29K;-4,02%
23.06.2016;142,9;139,5;143,25;139,1;14,18K;2,29%
22.06.2016;139,7;141,1;142,2;138,75;13,91K;-0,89%
21.06.2016;140,95;140,5;141,95;138,3;23,33K;-0,25%
20.06.2016;141,3;141,35;142,4;139,5;16,42K;-1,09%
17.06.2016;142,85;142;144,25;140,65;34,66K;0,99%
16.06.2016;141,45;139,6;143,65;137,75;31,34K;0,96%
15.06.2016;140,1;136,1;140,5;136,1;28,02K;2,23%
14.06.2016;137,05;138,25;138,75;135,45;31,22K;-1,62%
13.06.2016;139,3;140;141,5;134;32,50K;0,32%
10.06.2016;138,85;135,75;139,85;133,9;31,11K;2,21%
09.06.2016;135,85;140,7;146,85;135,45;37,77K;-4,09%
08.06.2016;141,65;133,8;141,8;132,25;36,22K;5,59%
07.06.2016;134,15;133,5;135,15;131,45;20,33K;0,41%
06.06.2016;133,6;129,1;133,95;129,1;17,38K;3,53%
03.06.2016;129,05;124,55;129,3;124,55;15,50K;3,24%
02.06.2016;125;124,55;126,35;124,2;13,07K;0,93%
01.06.2016;123,85;123,5;124,9;122,8;10,92K;0,32%
31.05.2016;123,45;123,75;125,75;123,2;13,78K;0,16%
27.05.2016;123,25;124,25;124,3;122,8;6,16K;-0,12%
26.05.2016;123,4;123,8;124;123,1;11,73K;0,04%
25.05.2016;123,35;124,65;124,9;123,15;9,00K;-0,36%
24.05.2016;123,8;124,5;125,2;123,5;6,64K;-0,24%
23.05.2016;124,1;126,6;126,7;124;4,73K;-2,01%
20.05.2016;126,65;126,5;127,8;126,2;6,27K;0,60%
19.05.2016;125,9;130,9;130,9;125,75;12,40K;-3,23%
18.05.2016;130,1;132;132,15;129,2;21,15K;-1,96%
17.05.2016;132,7;133,65;135,3;132,25;25,80K;-0,67%
16.05.2016;133,6;129,1;133,8;128,8;25,84K;2,69%
13.05.2016;130,1;129,05;130,45;128,05;18,01K;0,04%
12.05.2016;130,05;129,9;130,7;127,75;21,71K;0,23%
11.05.2016;129,75;128,65;129,8;126,85;22,57K;0,78%
10.05.2016;128,75;127;129,3;126,65;23,58K;1,82%
09.05.2016;126,45;125,5;126,6;123,25;21,69K;1,57%
06.05.2016;124,5;122;124,8;121,8;22,49K;2,47%
05.05.2016;121,5;119,95;122,15;119,55;18,12K;1,50%
04.05.2016;119,7;119,6;120,4;118,9;14,01K;0,38%
03.05.2016;119,25;120,3;121,5;119,15;17,25K;-0,33%
02.05.2016;119,65;121,8;122,8;119,45;14,39K;-1,52%
29.04.2016;121,5;121,85;123;120,75;15,28K;0,45%
28.04.2016;120,95;121,85;122,6;120,4;19,38K;-0,45%
27.04.2016;121,5;125,9;127,2;121,25;25,39K;-3,38%
26.04.2016;125,75;123,75;126,7;123,7;13,86K;1,78%
25.04.2016;123,55;123,9;123,9;122,8;11,67K;0,16%
22.04.2016;123,35;123,8;124,3;122,3;18,83K;-0,60%
21.04.2016;124,1;129,25;131,2;123,85;28,80K;-3,57%
20.04.2016;128,7;127,95;129,5;127,85;20,01K;0,63%
19.04.2016;127,9;125,9;129,3;125,7;23,82K;1,55%
18.04.2016;125,95;124,9;127,8;124,4;21,03K;0,88%
15.04.2016;124,85;125,35;126,3;123,45;19,56K;-0,20%
14.04.2016;125,1;124,15;126,4;122,65;23,50K;1,21%
13.04.2016;123,6;125,75;127,2;123,3;30,43K;-2,14%
12.04.2016;126,3;125,5;126,85;124,45;23,89K;0,84%
11.04.2016;125,25;123,6;125,55;121,8;24,08K;2,20%
08.04.2016;122,55;122,05;123,35;121,1;25,91K;0,49%
07.04.2016;121,95;124,4;124,7;121,7;26,49K;-1,37%
06.04.2016;123,65;123,55;124,2;122,15;12,21K;0,49%
05.04.2016;123,05;125,2;125,2;122,7;20,07K;-1,52%
04.04.2016;124,95;127,7;128,6;124,45;16,93K;-3,40%
01.04.2016;129,35;129,7;129,9;126,55;11,49K;-0,15%
31.03.2016;129,55;129,55;130,2;127,3;9,21K;0,39%
30.03.2016;129,05;130,2;131,95;128,25;14,83K;-0,31%
29.03.2016;129,45;130,35;130,45;128,15;4,43K;-0,84%
28.03.2016;130,55;129,4;131,4;128,35;9,64K;0,81%
24.03.2016;129,5;132,85;132,85;129,3;7,63K;-2,63%
23.03.2016;133;136,65;138,2;131,2;6,31K;-2,56%
22.03.2016;136,5;133,5;136,7;133,5;6,23K;2,36%
21.03.2016;133,35;135,1;135,45;132,5;9,82K;-0,71%
18.03.2016;134,3;132,55;135;132,4;21,51K;1,32%
17.03.2016;132,55;130;134,9;129,5;37,46K;2,71%
16.03.2016;129,05;124,75;130;124,05;26,69K;2,67%
15.03.2016;125,7;126,9;127,8;125,35;20,24K;-1,18%
14.03.2016;127,2;125,8;127,7;124,2;25,10K;1,11%
11.03.2016;125,8;122,5;126,25;122,35;23,96K;2,99%
10.03.2016;122,15;122;122,9;119,7;22,29K;-0,16%
09.03.2016;122,35;120,95;122,9;120,65;17,89K;0,53%
08.03.2016;121,7;120,3;121,95;119;18,44K;0,66%
07.03.2016;120,9;121,1;121,8;118,25;21,09K;-0,12%
04.03.2016;121,05;117,9;121,3;117,8;22,10K;2,72%
03.03.2016;117,85;115,8;118,75;115,45;19,95K;1,99%
02.03.2016;115,55;115,1;116,3;113,65;13,29K;0,70%
01.03.2016;114,75;115,65;116,55;113,4;20,20K;-0,26%
29.02.2016;115,05;115,05;116,15;114,1;17,88K;-0,13%
26.02.2016;115,2;116,3;117,2;115,15;13,82K;-0,82%
25.02.2016;116,15;116,8;118,85;115,9;15,81K;-0,73%
24.02.2016;117;118,8;118,8;115,5;18,98K;-1,89%
23.02.2016;119,25;120,4;120,7;119,05;12,76K;-1,12%
22.02.2016;120,6;117,05;121,05;116,9;19,72K;3,47%
19.02.2016;116,55;115,95;117,6;115,1;17,08K;0,39%
18.02.2016;116,1;116,8;117,05;115,4;20,78K;-0,43%
17.02.2016;116,6;116,9;117,85;115,8;27,18K;-0,34%
16.02.2016;117;117,95;119,5;116;31,37K;-0,43%
12.02.2016;117,5;115,85;118,85;115,8;32,49K;2,17%
11.02.2016;115;116,85;117,2;114,55;29,88K;-1,58%
10.02.2016;116,85;116,95;118,15;116,6;19,84K;0,00%
09.02.2016;116,85;117,95;118,85;116,75;18,65K;-0,93%
08.02.2016;117,95;121,9;121,95;117,85;25,38K;-3,64%
05.02.2016;122,4;125,65;125,95;122,1;16,70K;-2,20%
04.02.2016;125,15;123,1;125,7;123,1;14,05K;1,34%
03.02.2016;123,5;121,75;123,6;120,2;14,38K;1,31%
02.02.2016;121,9;119,55;122,45;118,95;12,98K;1,71%
01.02.2016;119,85;117,9;120;117,1;8,56K;1,14%
29.01.2016;118,5;121,2;121,9;118;7,98K;-2,31%
28.01.2016;121,3;120,2;122,1;119,9;8,74K;0,79%
27.01.2016;120,35;118,9;122,35;118,35;11,25K;1,26%
26.01.2016;118,85;118,5;119,4;116,95;9,46K;0,13%
25.01.2016;118,7;117,2;119,35;116,35;5,41K;0,38%
22.01.2016;118,25;116,95;119,65;116,95;8,94K;1,42%
21.01.2016;116,6;114,25;116,8;113,9;6,91K;2,37%
20.01.2016;113,9;117,2;117,2;113,35;8,56K;-3,39%
19.01.2016;117,9;116,8;118,8;116;4,95K;0,64%
15.01.2016;117,15;118,15;118,15;115,95;4,42K;-0,85%
14.01.2016;118,15;117,3;118,35;115,8;7,64K;0,90%
13.01.2016;117,1;117;118,2;116,65;6,34K;0,34%
12.01.2016;116,7;117;117,6;115,95;9,05K;-0,09%
11.01.2016;116,8;120,1;120,2;115,9;12,61K;-3,63%
08.01.2016;121,2;121,3;122,05;120,5;6,66K;0,50%
07.01.2016;120,6;121,45;121,45;120,1;4,47K;-1,23%
06.01.2016;122,1;125,1;125,35;121,65;4,43K;-2,40%
05.01.2016;125,1;126;127,2;123,95;3,58K;-0,71%
04.01.2016;126;128,2;128,25;124,2;5,39K;-2,17%
31.12.2015;128,8;126;128,9;125,7;3,19K;2,43%
30.12.2015;125,75;124,05;125,85;123,35;2,48K;1,74%
29.12.2015;123,6;120,8;124,6;120,65;1,21K;1,81%
28.12.2015;121,4;121,7;121,85;120,55;0,49K;-0,45%
24.12.2015;121,95;123,1;123,5;121,2;0,87K;-0,93%
23.12.2015;123,1;121,6;123,5;120,45;1,84K;1,44%
22.12.2015;121,35;120,15;121,6;119,95;1,68K;1,34%
21.12.2015;119,75;120,85;121,35;119,05;2,08K;0,63%
18.12.2015;119;118,8;120,4;118,3;11,08K;0,59%
17.12.2015;118,3;119,25;119,85;117,35;11,67K;-0,80%
16.12.2015;119,25;119,8;121,2;118,8;11,72K;-0,54%
15.12.2015;119,9;120,35;121,75;118,95;11,09K;0,00%
14.12.2015;119,9;121,1;121,2;117,9;17,92K;-1,07%
11.12.2015;121,2;126,35;126,4;120,85;21,13K;-4,08%
10.12.2015;126,35;126,8;127,65;124,9;9,16K;-0,35%
09.12.2015;126,8;125;127,7;124,8;11,53K;1,28%
08.12.2015;125,2;125;126,95;121;13,15K;-0,67%
07.12.2015;126,05;125,45;128,3;125,1;15,97K;-0,71%
04.12.2015;126,95;125;127,3;123,45;15,30K;1,68%
03.12.2015;124,85;119,9;125,4;119,05;18,94K;3,65%
02.12.2015;120,45;120,05;121,05;118,8;8,89K;0,46%
01.12.2015;119,9;120;120,1;117,8;12,62K;0,21%
30.11.2015;119,65;123,55;123,9;118,1;20,99K;-3,20%
27.11.2015;123,6;124,5;125,8;123,05;8,47K;-1,55%
25.11.2015;125,55;124,75;125,85;122,9;14,43K;0,84%
24.11.2015;124,5;122,6;125,5;121,85;13,28K;1,67%
23.11.2015;122,45;124,4;124,5;120,95;12,84K;-1,57%
20.11.2015;124,4;122,5;126,6;122,25;21,54K;1,80%
19.11.2015;122,2;116,3;122,55;116,2;21,62K;5,57%
18.11.2015;115,75;117,7;118,65;115,65;24,01K;-2,11%
17.11.2015;118,25;118,8;119,8;117,65;19,77K;0,04%
16.11.2015;118,2;116,4;118,95;116;26,15K;2,07%
13.11.2015;115,8;119;119,65;115,3;31,46K;-2,48%
12.11.2015;118,75;120,15;120,5;118,45;31,13K;-1,17%
11.11.2015;120,15;120;120,9;119,7;23,05K;0,38%
10.11.2015;119,7;121,6;122,1;119,3;25,50K;-1,36%
09.11.2015;121,35;121,25;123,1;120,55;23,71K;0,17%
06.11.2015;121,15;124;124,5;120,25;21,68K;-2,49%
05.11.2015;124,25;123,7;125,35;122,1;18,27K;0,28%
04.11.2015;123,9;123,3;125,65;123,2;8,21K;0,24%
03.11.2015;123,6;121,8;125;121,15;9,60K;1,19%
02.11.2015;122,15;124,55;124,75;121,35;7,85K;-1,69%
30.10.2015;124,25;124,4;125,25;122,5;5,85K;0,49%
29.10.2015;123,65;123;123,85;121,55;5,11K;0,98%
28.10.2015;122,45;121;123,2;120,3;7,11K;1,53%
27.10.2015;120,6;121,7;121,75;120;11,20K;-0,08%
26.10.2015;120,7;121,75;122,3;119,7;5,03K;-0,90%
23.10.2015;121,8;123,15;124;121;6,09K;-1,10%
22.10.2015;123,15;124,85;125,45;123,05;5,45K;-0,97%
21.10.2015;124,35;128,25;128,25;123,9;5,19K;-2,93%
20.10.2015;128,1;127,3;128,75;126,65;4,13K;0,63%
19.10.2015;127,3;129,2;129,5;126,85;5,78K;-1,47%
16.10.2015;129,2;136;136;128,45;10,32K;-5,76%
15.10.2015;137,1;137,7;139,35;135,75;7,23K;-0,69%
14.10.2015;138,05;137,75;140,9;137,25;6,58K;0,22%
13.10.2015;137,75;137,95;140,45;136,5;6,66K;-0,07%
12.10.2015;137,85;135,15;140,85;135,15;7,81K;2,19%
09.10.2015;134,9;132,1;137,4;132,1;7,69K;2,43%
08.10.2015;131,7;129,15;132;128,45;5,55K;1,90%
07.10.2015;129,25;130,85;133,45;127,75;7,80K;-1,49%
06.10.2015;131,2;130,35;132,1;129,25;4,58K;0,38%
05.10.2015;130,7;127,75;132,7;127,35;4,55K;2,63%
02.10.2015;127,35;124,2;128,25;122,55;4,16K;2,83%
01.10.2015;123,85;124,3;125,5;122,2;2,10K;-0,44%
30.09.2015;124,4;124,25;125,65;122;3,24K;0,36%
29.09.2015;123,95;122,45;125,95;121,25;4,83K;1,22%
28.09.2015;122,45;125,75;125,8;121,8;2,48K;-2,74%
25.09.2015;125,9;123,4;126,6;123,2;5,32K;3,62%
24.09.2015;121,5;119;122,65;117,8;4,99K;1,72%
23.09.2015;119,45;119;120,35;118,05;5,39K;0,59%
22.09.2015;118,75;120,3;120,5;118,5;4,31K;-1,53%
21.09.2015;120,6;121,55;123;119,85;4,06K;1,90%
18.09.2015;118,35;118,9;120,3;116,85;13,15K;-0,17%
17.09.2015;118,55;118;119,15;116,65;12,68K;0,38%
16.09.2015;118,1;118,35;119,8;117,4;9,66K;-0,51%
15.09.2015;118,7;120,2;121,4;117,75;11,83K;-1,25%
14.09.2015;120,2;116,9;121,2;116,85;17,07K;3,13%
11.09.2015;116,55;116,65;118,1;116;11,22K;0,13%
10.09.2015;116,4;120;120,2;116,25;20,62K;-3,88%
09.09.2015;121,1;120,75;122,45;119,2;11,91K;0,08%
08.09.2015;121;119,15;121,75;118,5;10,93K;1,55%
04.09.2015;119,15;119,5;121,45;118,5;8,61K;-0,33%
03.09.2015;119,55;118,9;120,4;117,75;13,15K;1,01%
02.09.2015;118,35;121,05;121,8;118,15;19,67K;-2,03%
01.09.2015;120,8;124,25;124,9;120,55;14,45K;-2,82%
31.08.2015;124,3;125,75;126,85;121,75;13,07K;0,20%
28.08.2015;124,05;124,5;125,6;122,85;11,26K;-0,40%
27.08.2015;124,55;122,8;126;122,55;14,54K;1,92%
26.08.2015;122,2;120,65;123,4;120,25;17,32K;1,37%
25.08.2015;120,55;122,6;124,4;120,4;23,08K;-0,94%
24.08.2015;121,7;126,35;126,35;121;27,48K;-3,76%
21.08.2015;126,45;132,95;133,2;125,55;27,43K;-4,53%
20.08.2015;132,45;135,3;135,5;132,05;28,94K;-1,74%
19.08.2015;134,8;140,4;140,8;134,45;28,28K;-3,06%
18.08.2015;139,05;138,5;140,15;136,75;19,97K;0,36%
17.08.2015;138,55;139,3;141,15;138,1;24,20K;-1,84%
14.08.2015;141,15;141,25;142,6;139,75;28,59K;0,39%
13.08.2015;140,6;135,5;141,6;135,3;34,45K;3,96%
12.08.2015;135,25;140,35;141,15;134,8;29,75K;-3,63%
11.08.2015;140,35;136,65;140,65;136,55;28,24K;2,78%
10.08.2015;136,55;130,85;136,95;130,05;29,64K;4,36%
07.08.2015;130,85;127,3;131,8;126,7;18,48K;2,75%
06.08.2015;127,35;128,5;131,4;127;12,51K;-1,28%
05.08.2015;129;127,5;129,5;126,4;14,41K;0,74%
04.08.2015;128,05;127;129,3;126,25;11,72K;0,71%
03.08.2015;127,15;128,1;128,4;125;9,85K;-1,05%
31.07.2015;128,5;128,4;130,8;127,5;9,28K;0,31%
30.07.2015;128,1;125,5;128,4;125,1;6,23K;2,28%
29.07.2015;125,25;123,75;126;123,2;6,34K;1,62%
28.07.2015;123,25;123,4;125,65;123;9,41K;-0,32%
27.07.2015;123,65;125,55;125,6;123;9,90K;-1,59%
24.07.2015;125,65;125,55;127,95;124,1;6,68K;0,48%
23.07.2015;125,05;129,1;129,8;124,75;8,92K;-2,72%
22.07.2015;128,55;129,95;131,4;128,05;3,61K;2,06%
21.07.2015;125,95;127,1;128,2;125,7;9,50K;-1,18%
20.07.2015;127,45;127,45;130,15;126,65;12,78K;-0,74%
17.07.2015;128,4;128,4;129,55;127,35;8,53K;-0,35%
16.07.2015;128,85;129,05;130,3;127,45;10,69K;-0,69%
15.07.2015;129,75;131,2;132,2;127,7;13,63K;-1,70%
14.07.2015;132;128,7;132,5;128,4;16,79K;2,48%
13.07.2015;128,8;127,95;129,7;127,4;14,69K;2,02%
10.07.2015;126,25;125,5;127,15;125,05;10,73K;0,80%
09.07.2015;125,25;125,95;127,55;124,25;12,40K;0,24%
08.07.2015;124,95;124,35;125,7;123,85;11,88K;0,20%
07.07.2015;124,7;125,55;126,25;123,65;17,52K;-0,36%
06.07.2015;125,15;127,35;128,15;125,05;14,79K;-1,77%
02.07.2015;127,4;127,3;128,35;126,4;13,22K;0,31%
01.07.2015;127;130;132,95;126,75;23,36K;-4,08%
30.06.2015;132,4;133;133,75;129,75;16,87K;0,00%
29.06.2015;132,4;132,85;133,85;129,05;15,29K;-0,79%
26.06.2015;133,45;134,65;137,8;131,8;17,14K;-1,22%
25.06.2015;135,1;134,5;136,15;131,1;17,84K;0,00%
24.06.2015;135,1;130,35;135,9;130,1;20,34K;4,16%
23.06.2015;129,7;132;134,85;128,75;15,44K;-2,11%
22.06.2015;132,5;129,55;132,75;129,3;10,96K;1,84%
19.06.2015;130,1;132;133;127,9;22,32K;-1,40%
18.06.2015;131,95;130,25;133,4;129,65;22,66K;1,97%
17.06.2015;129,4;131,75;132,7;129,25;21,49K;-1,97%
16.06.2015;132;131,3;132,95;130,45;16,70K;1,30%
15.06.2015;130,3;133;134;129,65;29,02K;-3,05%
12.06.2015;134,4;134,4;137,65;133;14,63K;-0,04%
11.06.2015;134,45;137,1;137,95;133,55;23,39K;-2,96%
10.06.2015;138,55;139,6;141;137,65;22,59K;-0,72%
09.06.2015;139,55;138,55;139,85;135,7;18,88K;0,58%
08.06.2015;138,75;136,7;139,55;136,45;15,70K;0,98%
05.06.2015;137,4;137,5;138,65;135,25;13,12K;1,25%
04.06.2015;135,7;134,3;137;133,2;17,17K;1,04%
03.06.2015;134,3;132,7;135,15;130,6;22,93K;1,21%
02.06.2015;132,7;129,35;134;128,9;21,36K;2,23%
01.06.2015;129,8;128,2;132,15;128,15;20,68K;2,89%
29.05.2015;126,15;125,6;127,05;124,55;13,30K;0,80%
28.05.2015;125,15;124,95;127,05;123,8;11,73K;0,52%
27.05.2015;124,5;124,75;126,75;123,55;18,37K;0,36%
26.05.2015;124,05;128;128,6;123,65;24,62K;-2,28%
22.05.2015;126,95;129,5;129,7;125,8;23,96K;-1,17%
21.05.2015;128,45;136,15;136,75;127,85;29,58K;-5,55%
20.05.2015;136;139,55;141,4;135,55;15,17K;-2,75%
19.05.2015;139,85;143;143,85;138,2;18,62K;-1,27%
18.05.2015;141,65;137,6;137,6;137,6;0,00K;3,24%
15.05.2015;137,2;137,95;137,95;137,95;0,04K;1,14%
14.05.2015;135,65;135,5;135,5;135,5;0,00K;0,93%
13.05.2015;134,4;134,75;134,75;134,75;0,01K;-0,07%
12.05.2015;134,5;132,95;132,95;132,95;0,00K;0,86%
11.05.2015;133,35;133,5;133,65;133,5;0,01K;0,34%
08.05.2015;132,9;134,1;134,1;132;0,00K;1,57%
07.05.2015;130,85;129,05;129,9;129,05;0,01K;2,19%
06.05.2015;128,05;132,4;132,4;127,85;0,01K;-3,39%
05.05.2015;132,55;131,7;132,8;131,5;0,01K;0,53%
04.05.2015;131,85;132,5;132,5;131,5;0,04K;-1,20%
01.05.2015;133,45;137;137;131,4;0,01K;-2,27%
30.04.2015;136,55;138,8;143,3;137,2;0,04K;-1,30%
29.04.2015;138,35;137,65;137,65;136,9;0,02K;0,14%
28.04.2015;138,15;136,55;137,8;135,25;0,05K;1,51%
27.04.2015;136,1;140;140,35;134,3;0,16K;-3,58%
24.04.2015;141,15;141,25;142,8;140,85;0,15K;0,50%
23.04.2015;140,45;142,05;143,85;140,65;0,30K;-1,37%
22.04.2015;142,4;139,65;145;139,65;0,34K;1,50%
21.04.2015;140,3;139,2;142,7;138,2;5,23K;1,15%
20.04.2015;138,7;138,4;140;134,25;4,80K;0,00%
17.04.2015;138,7;139,4;141,25;137,8;4,98K;-0,64%
16.04.2015;139,6;136,9;140,8;136,1;4,92K;2,80%
15.04.2015;135,8;134,6;138;133,85;15,93K;0,89%
14.04.2015;134,6;133,85;136,1;131,95;20,70K;0,64%
13.04.2015;133,75;135,15;138,1;132,95;23,27K;-1,00%
10.04.2015;135,1;137,4;138,45;133,8;21,12K;-1,71%
09.04.2015;137,45;135,9;137,9;133,6;27,09K;1,29%
08.04.2015;135,7;141,75;144,4;135,1;25,55K;-4,40%
07.04.2015;141,95;145,5;145,75;141,2;15,86K;-2,91%
06.04.2015;146,2;140,9;147,35;140,2;23,23K;3,76%
02.04.2015;140,9;134,15;141,45;134,05;27,83K;4,49%
01.04.2015;134,85;133,4;139,8;133,05;16,44K;1,47%
31.03.2015;132,9;133;135,95;131,9;15,31K;0,42%
30.03.2015;132,35;138,8;138,9;131,8;9,38K;-4,23%
27.03.2015;138,2;139,75;140,8;136,55;12,36K;-1,46%
26.03.2015;140,25;140;142,8;138,3;11,42K;0,21%
25.03.2015;139,95;137,3;142,35;136;18,30K;1,93%
24.03.2015;137,3;142;145,4;136,15;18,65K;-3,21%
23.03.2015;141,85;142;144,3;139,4;9,56K;-1,05%
20.03.2015;143,35;143;143,9;140,5;10,78K;2,39%
19.03.2015;140;136,35;136,35;136,35;0,00K;2,75%
18.03.2015;136,25;134,45;137;131,45;0,01K;1,72%
17.03.2015;133,95;134,05;134,05;132,6;0,01K;-0,70%
16.03.2015;134,9;133,35;134,75;132;0,01K;6,68%
13.03.2015;126,45;126,45;126,45;126,45;0,01K;-1,86%
12.03.2015;128,85;130,25;130,25;130,25;0,00K;0,35%
11.03.2015;128,4;128,4;128,4;128,4;14,59K;-2,51%
10.03.2015;131,7;133,1;133,1;133,1;0,00K;-1,46%
09.03.2015;133,65;136,5;136,55;131,5;0,01K;-2,09%
06.03.2015;136,5;131,65;131,95;131,65;0,00K;3,76%
05.03.2015;131,55;133,5;133,95;133,2;0,01K;-1,86%
04.03.2015;134,05;129,3;130,7;129,05;0,02K;6,18%
03.03.2015;126,25;134,15;134,15;134,15;0,01K;-6,55%
02.03.2015;135,1;138,55;138,55;134,85;0,01K;-1,21%
27.02.2015;136,75;139,2;139,2;136,45;0,08K;0,15%
26.02.2015;136,55;140;140,3;139,8;0,10K;-2,29%
25.02.2015;139,75;147,05;147,05;140,05;0,02K;-3,85%
24.02.2015;145,35;144,8;145,5;143,55;0,05K;0,62%
23.02.2015;144,45;147,95;149,75;145,25;0,08K;-2,83%
20.02.2015;148,65;150,2;151,35;147;0,41K;-0,37%
19.02.2015;149,2;152,6;153,85;149,4;0,71K;-2,36%
18.02.2015;152,8;156,15;157,85;152,05;17,35K;-1,83%
17.02.2015;155,65;164;165,75;154,5;16,73K;-4,63%
13.02.2015;163,2;164,6;165,85;162,15;15,82K;-0,82%
12.02.2015;164,55;160,05;164,95;159,3;25,34K;3,20%
11.02.2015;159,45;160,3;161,35;159;27,64K;0,03%
10.02.2015;159,4;167,05;169,25;158,8;34,44K;-4,89%
09.02.2015;167,6;166,5;168,1;163,8;20,05K;0,45%
06.02.2015;166,85;165,45;169,75;165,05;25,06K;1,27%
05.02.2015;164,75;164,45;166,4;163,3;13,57K;-0,09%
04.02.2015;164,9;161,55;167;160,15;14,08K;2,58%
03.02.2015;160,75;162,8;163,4;158,4;18,82K;-1,05%
02.02.2015;162,45;162,4;163,65;159,7;19,22K;0,34%
30.01.2015;161,9;160,1;162,25;159,2;12,18K;1,19%
29.01.2015;160;167,9;167,95;158,7;19,82K;-4,59%
28.01.2015;167,7;167,05;169,9;165,6;15,53K;-0,30%
27.01.2015;168,2;162,3;168,5;161,7;14,70K;3,92%
26.01.2015;161,85;162,2;165,25;160,75;15,20K;-0,37%
23.01.2015;162,45;160,7;162,85;159,4;12,65K;1,56%
22.01.2015;159,95;161,4;163,55;159,7;15,15K;-0,81%
21.01.2015;161,25;166,05;166,85;161;15,12K;-1,86%
20.01.2015;164,3;170,1;172,5;163,85;22,32K;-3,92%
16.01.2015;171;177,5;177,6;170,4;14,05K;-3,20%
15.01.2015;176,65;180;182,85;175,2;16,30K;-1,78%
14.01.2015;179,85;178,25;184,8;177,6;19,42K;1,64%
13.01.2015;176,95;177;178,9;173,85;18,71K;0,11%
12.01.2015;176,75;181,25;184,9;175,3;23,16K;-1,83%
09.01.2015;180,05;177,75;183,85;177,75;21,54K;1,78%
08.01.2015;176,9;175,8;182,35;174,3;22,34K;1,06%
07.01.2015;175,05;175,6;182,85;173;27,68K;0,09%
06.01.2015;174,9;168,05;175,4;168,05;18,55K;4,05%
05.01.2015;168,1;160,95;168,65;160,1;15,03K;4,38%
02.01.2015;161,05;165,05;167,25;160,2;10,08K;-3,33%
31.12.2014;166,6;164,95;171,3;164;8,58K;1,09%
30.12.2014;164,8;164,5;166,45;164,5;7,00K;-0,21%
29.12.2014;165,15;167,65;168,65;164,65;8,67K;-2,05%
26.12.2014;168,6;171,15;173;167,75;4,27K;-0,91%
24.12.2014;170,15;170,8;171,85;169,75;3,50K;-0,50%
23.12.2014;171;172,75;173,95;170,55;6,27K;-0,67%
22.12.2014;172,15;174,7;176,5;171,1;7,56K;-1,46%
19.12.2014;174,7;174,4;177,65;174,15;8,43K;0,60%
18.12.2014;173,65;172,25;172,25;172,25;0,00K;1,64%
17.12.2014;170,85;170,85;170,85;170,85;0,00K;-3,31%
16.12.2014;176,7;174,1;174,1;174,1;0,00K;-0,53%
15.12.2014;177,65;177,65;177,65;177,65;9,08K;2,69%
12.12.2014;173;174,6;174,6;174;0,00K;-1,37%
11.12.2014;175,4;175,85;175,9;175;0,01K;-1,21%
10.12.2014;177,55;178,5;178,5;178,5;0,00K;-1,06%
09.12.2014;179,45;177,05;177,05;177,05;0,00K;1,36%
08.12.2014;177,05;177,05;177,05;177,05;10,06K;-1,14%
05.12.2014;179,1;181;181,4;177,8;0,03K;-1,35%
04.12.2014;181,55;183,05;184,2;180,55;0,03K;-0,55%
03.12.2014;182,55;183,5;183,5;183,5;0,02K;0,14%
02.12.2014;182,3;187,95;188,25;184,25;0,02K;-3,72%
01.12.2014;189,35;187,55;187,55;183,4;0,04K;1,45%
28.11.2014;186,65;193,4;193,4;186,4;0,08K;-3,83%
27.11.2014;194,07;194,07;194,07;194,07;;0,30%
26.11.2014;193,5;195,05;195,05;191,25;0,06K;-0,39%
25.11.2014;194,25;189,9;195,4;187,8;0,07K;2,43%
24.11.2014;189,65;190,5;196,2;189,5;0,08K;0,00%
21.11.2014;189,65;188,6;190;187,5;0,13K;1,04%
20.11.2014;187,7;197,8;197,8;187,6;0,27K;-5,13%
19.11.2014;197,85;191;199,75;190,95;0,54K;3,53%
18.11.2014;191,1;188;191,5;186;13,19K;1,92%
17.11.2014;187,5;192;193,7;186,3;8,45K;-2,34%
14.11.2014;192;189;193,4;189;19,96K;1,72%
13.11.2014;188,75;184,1;190,1;184,1;16,92K;2,36%
12.11.2014;184,4;184,15;186,75;183,15;24,31K;-0,08%
11.11.2014;184,55;181,95;184,8;181,5;18,34K;1,74%
10.11.2014;181,4;182,4;186,25;181,1;20,64K;-0,55%
07.11.2014;182,4;183,25;185,2;182,25;15,65K;-0,73%
06.11.2014;183,75;187;187,25;183,3;13,58K;-1,34%
05.11.2014;186,25;188,1;188,5;184;13,48K;-1,04%
04.11.2014;188,2;185,85;189,45;182,1;18,70K;1,26%
03.11.2014;185,85;188,95;192,8;185,65;15,51K;-1,14%
31.10.2014;188;188,35;189,9;185,65;12,91K;0,21%
30.10.2014;187,6;189,95;190,95;186,25;18,60K;-1,05%
29.10.2014;189,6;192,35;193,85;189,45;11,24K;-1,43%
28.10.2014;192,35;191,05;192,85;188,8;10,55K;0,76%
27.10.2014;190,9;188;192,2;188;9,97K;-0,31%
24.10.2014;191,5;193,5;193,85;188,45;14,50K;-0,93%
23.10.2014;193,3;191,9;194,8;189,3;13,44K;1,15%
22.10.2014;191,1;199,6;200,85;190,8;11,33K;-4,26%
21.10.2014;199,6;195;201,3;191,8;19,13K;0,10%
20.10.2014;199,4;206,35;206,35;197,2;17,14K;-5,34%
17.10.2014;210,65;215,5;216,65;208,5;13,26K;-2,97%
16.10.2014;217,1;217,65;220,65;216,3;10,33K;0,51%
15.10.2014;216;222,65;224,55;214,5;13,73K;-2,66%
14.10.2014;221,9;217;222,8;216,2;12,92K;1,74%
13.10.2014;218,1;222,05;225,45;217,6;10,30K;-1,04%
10.10.2014;220,4;221,65;223,7;218,5;10,32K;-0,56%
09.10.2014;221,65;214,6;222,4;214,45;13,22K;3,36%
08.10.2014;214,45;215,2;221,4;211;18,43K;-0,88%
07.10.2014;216,35;220,85;224,55;215,1;14,44K;-2,02%
06.10.2014;220,8;208,7;225,5;208,7;22,70K;6,92%
03.10.2014;206,5;208,9;211,6;205,4;14,94K;-1,01%
02.10.2014;208,6;200,4;213,75;200,2;25,08K;4,09%
01.10.2014;200,4;194;201,85;193,7;17,44K;3,65%
30.09.2014;193,35;191,45;197,3;188,55;15,66K;1,10%
29.09.2014;191,25;185,55;191,95;185,2;11,28K;2,79%
26.09.2014;186,05;181,15;188,2;180,15;11,19K;2,06%
25.09.2014;182,3;187,25;187,55;179,45;12,21K;-3,60%
24.09.2014;189,1;181,5;189,8;180,9;16,62K;4,53%
23.09.2014;180,9;179,75;184,75;179,4;9,46K;0,84%
22.09.2014;179,4;178;179,85;176,4;8,67K;0,79%
19.09.2014;178;180,9;182,85;176,4;15,22K;1,19%
18.09.2014;175,9;175,9;175,9;175,9;;-2,63%
17.09.2014;180,65;179,2;179,85;179,2;0,01K;0,03%
16.09.2014;180,6;177,65;180,1;176,95;0,01K;1,86%
15.09.2014;177,3;179,35;179,35;177,5;0,01K;-1,31%
12.09.2014;179,65;178,2;178,2;178,05;0,01K;-0,50%
11.09.2014;180,55;177;179,8;176,55;0,03K;2,01%
10.09.2014;177;185,85;185,85;176,2;0,03K;-5,90%
09.09.2014;188,1;190,8;190,8;190,8;0,00K;-0,82%
08.09.2014;189,65;192,3;192,3;188,7;0,01K;-1,66%
05.09.2014;192,85;196;196;196;0,00K;-2,33%
04.09.2014;197,45;196;196;192,1;0,01K;0,08%
03.09.2014;197,3;203,1;203,2;198,2;0,01K;-3,50%
02.09.2014;204,45;200,1;204,7;200,1;0,02K;4,44%
29.08.2014;195,75;195;195,9;193,45;0,03K;0,57%
28.08.2014;194,65;193,2;193,6;192,05;0,02K;1,17%
27.08.2014;192,4;193;197,7;192;0,04K;-0,36%
26.08.2014;193,1;183;193;183;0,10K;5,66%
25.08.2014;182,75;182,35;184,75;180,55;0,08K;0,63%
22.08.2014;181,6;182,7;185,8;181,4;0,09K;-1,17%
21.08.2014;183,75;185,15;186,3;181,85;1,49K;-0,19%
20.08.2014;184,1;183,5;184,25;178,65;11,47K;1,04%
19.08.2014;182,2;189,1;189,65;182;7,44K;-3,55%
18.08.2014;188,9;188,95;190,4;186,15;12,16K;0,08%
15.08.2014;188,75;184,2;189,25;182,5;6,24K;2,53%
14.08.2014;184,1;185,3;187,4;181,1;11,63K;-0,62%
13.08.2014;185,25;184,7;188,1;184,5;14,31K;0,35%
12.08.2014;184,6;189,1;189,1;183;19,02K;-2,41%
11.08.2014;189,15;180,85;189,65;180,85;20,13K;4,59%
08.08.2014;180,85;183,75;186,35;179,4;21,88K;-1,71%
07.08.2014;184;191,35;191,45;183,7;23,01K;-3,59%
06.08.2014;190,85;189;192,5;185,95;14,49K;0,77%
05.08.2014;189,4;190,45;195,15;187,35;16,27K;-0,58%
04.08.2014;190,5;192,05;195,45;183,3;20,53K;-0,96%
01.08.2014;192,35;194,85;207,4;191,6;25,93K;-1,38%
31.07.2014;195,05;183,4;196,4;183,35;23,40K;6,88%
30.07.2014;182,5;180,2;183,2;179,75;7,69K;1,00%
29.07.2014;180,7;181,15;182,2;178,4;12,37K;-0,22%
28.07.2014;181,1;179,8;183,4;178;13,84K;1,09%
25.07.2014;179,15;178;181,2;176,6;10,04K;0,48%
24.07.2014;178,3;175,8;180,5;175,7;12,39K;0,96%
23.07.2014;176,6;168,5;178,6;166,95;14,40K;4,93%
22.07.2014;168,3;172;173,6;166,6;12,00K;-1,95%
21.07.2014;171,65;171,65;171,65;171,65;0,00K;0,56%
18.07.2014;170,7;163,8;164,95;163,8;0,01K;5,57%
17.07.2014;161,7;161,7;161,7;161,7;0,00K;0,84%
16.07.2014;160,35;160,35;160,35;160,35;;0,60%
15.07.2014;159,4;159,4;159,4;159,4;0,00K;-1,79%
14.07.2014;162,3;162,3;162,3;162,3;;2,11%
11.07.2014;158,95;160;160;157,8;0,01K;-0,81%
10.07.2014;160,25;166,9;166,9;160,85;0,10K;-5,85%
09.07.2014;170,2;170,2;170,2;170,2;;0,00%
08.07.2014;170,2;169,5;169,5;169;0,01K;0,71%
07.07.2014;169;170,3;170,3;165;0,02K;-0,24%
03.07.2014;169,4;172;172;172;0,00K;-0,96%
02.07.2014;171,05;169,5;169,5;169,5;0,05K;1,63%
01.07.2014;168,3;172,25;172,25;168,2;0,02K;-2,72%
30.06.2014;173;172,55;172,75;168,65;0,05K;1,50%
27.06.2014;170,45;180,5;182,5;169,9;0,06K;-4,67%
26.06.2014;178,8;178,6;179,2;177,7;0,03K;-0,64%
25.06.2014;179,95;173,55;179,5;173,55;0,05K;3,33%
24.06.2014;174,15;174,85;175,3;171;0,03K;-0,54%
23.06.2014;175,1;173;175,85;173;0,11K;1,07%
20.06.2014;173,25;168,25;175,8;168,05;0,37K;3,74%
19.06.2014;167;167,25;168,6;163,1;11,83K;0,15%
18.06.2014;166,75;169,2;170,5;166;9,09K;-1,36%
17.06.2014;169,05;172,5;172,8;166,7;11,26K;-2,25%
16.06.2014;172,95;173,65;176,7;172,1;8,53K;-0,43%
13.06.2014;173,7;171,95;179,7;171,6;23,03K;1,02%
12.06.2014;171,95;171,6;173,3;168,15;24,47K;0,20%
11.06.2014;171,6;166,6;173,5;166,15;22,07K;3,59%
10.06.2014;165,65;165,35;167,85;165,1;17,57K;0,18%
09.06.2014;165,35;171,95;171,95;165,1;16,14K;-3,92%
06.06.2014;172,1;168,6;173,8;168,25;17,93K;1,74%
05.06.2014;169,15;169;171;168;11,13K;-0,62%
04.06.2014;170,2;171;171,75;167,35;10,76K;-0,56%
03.06.2014;171,15;172,05;174,35;167,35;18,57K;-0,70%
02.06.2014;172,35;177,25;179,35;172,15;10,10K;-2,90%
30.05.2014;177,5;180,9;181,25;174,65;15,13K;-2,45%
29.05.2014;181,95;176,9;182,95;176,8;13,04K;3,29%
28.05.2014;176,15;178,75;179,25;170,8;17,02K;-1,78%
27.05.2014;179,35;181,5;182,55;177,75;9,11K;-1,40%
23.05.2014;181,9;181,5;184,25;180,5;;0,30%
22.05.2014;181,35;181;183,25;176,7;12,48K;-0,03%
21.05.2014;181,4;185,3;186,25;180,85;13,13K;-2,32%
20.05.2014;185,7;183,9;186,4;180,05;17,75K;3,08%
19.05.2014;180,15;180,15;180,15;180,15;;-1,29%
16.05.2014;182,5;192,25;192,25;183,4;0,03K;-6,00%
15.05.2014;194,15;182,5;194,25;182,5;0,01K;7,41%
14.05.2014;180,75;182;182,05;180,95;0,01K;-1,58%
13.05.2014;183,65;183,65;183,65;183,65;0,01K;-1,32%
12.05.2014;186,1;182,4;182,4;182,4;0,00K;2,93%
09.05.2014;180,8;192,45;192,45;183,65;0,06K;-6,30%
08.05.2014;192,95;198,4;198,4;193,8;0,01K;-2,75%
07.05.2014;198,4;198,95;199,85;198,95;0,01K;-0,58%
06.05.2014;199,55;203,1;203,1;200,4;0,03K;-1,41%
05.05.2014;202,4;197,4;197,4;197,4;0,01K;0,90%
02.05.2014;200,6;202;202;201,8;0,00K;-0,42%
01.05.2014;201,45;203,95;203,95;202,95;0,01K;-0,79%
30.04.2014;203,05;207;208,4;200,9;0,03K;-2,80%
29.04.2014;208,9;200,9;208,9;192,4;0,06K;5,08%
28.04.2014;198,8;203,35;203,75;198,25;0,06K;-2,91%
25.04.2014;204,75;210,5;210,5;203;0,10K;-3,62%
24.04.2014;212,45;210,3;212,95;206,1;0,13K;0,05%
23.04.2014;212,35;211,85;215,7;210,2;0,75K;0,26%
22.04.2014;211,8;197,1;213,2;197;0,50K;7,68%
21.04.2014;196,7;202;203;196,15;3,03K;-2,24%
17.04.2014;201,2;187,2;201,55;186,9;7,98K;8,20%
16.04.2014;185,95;192;199,4;185,6;11,66K;-3,23%
15.04.2014;192,15;205,85;207,4;191,65;9,84K;-6,20%
14.04.2014;204,85;199,8;205,3;195;21,52K;1,81%
11.04.2014;201,2;206;208,65;199,85;24,24K;-2,38%
10.04.2014;206,1;199,95;207,8;199,95;24,32K;3,13%
09.04.2014;199,85;195,15;200,25;190,15;22,76K;1,70%
08.04.2014;196,5;194,35;202,8;194,3;24,62K;1,63%
07.04.2014;193,35;185,8;196,8;185,55;30,68K;4,51%
04.04.2014;185;175,6;185,4;175,25;19,06K;5,96%
03.04.2014;174,6;172,5;175;170,85;12,03K;1,10%
02.04.2014;172,7;174;178,3;167,9;22,67K;-1,46%
01.04.2014;175,25;177;178,95;174,25;11,82K;-1,49%
31.03.2014;177,9;180,6;180,9;174,15;15,27K;-1,50%
28.03.2014;180,6;176,7;181,05;176,4;13,06K;2,41%
27.03.2014;176,35;175,5;176,8;173,6;9,66K;0,20%
26.03.2014;176;175;179,4;172,15;18,88K;0,40%
25.03.2014;175,3;177;177,3;173,65;10,96K;-0,62%
24.03.2014;176,4;171,15;177,55;166;18,24K;3,07%
21.03.2014;171,15;173;175,6;168,5;16,15K;-1,72%
20.03.2014;174,15;184,15;184,35;172,55;24,32K;-5,92%
19.03.2014;185,1;191,2;191,2;184,1;0,01K;-3,06%
18.03.2014;190,95;191,6;191,85;191;0,01K;0,55%
17.03.2014;189,9;195,35;195,5;191,2;0,03K;-4,02%
14.03.2014;197,85;200,5;201,35;200,5;0,01K;-3,51%
13.03.2014;205,05;206,05;206,05;205,55;0,00K;0,12%
12.03.2014;204,8;203,8;203,8;201,8;0,01K;-0,12%
11.03.2014;205,05;206,65;207,55;206,5;0,23K;1,26%
10.03.2014;202,5;201,5;202,3;201,5;0,02K;3,29%
07.03.2014;196,05;198;198;197;0,00K;0,64%
06.03.2014;194,8;200,65;200,65;192,9;0,03K;-2,92%
05.03.2014;200,65;185;200,9;181,5;0,02K;8,37%
04.03.2014;185,15;194,9;194,9;184,9;0,07K;-3,87%
03.03.2014;192,6;180,55;191;177,1;0,06K;7,12%
28.02.2014;179,8;178,35;179,8;176,55;0,47K;0,59%
27.02.2014;178,75;177,55;179,95;176,7;0,06K;0,93%
26.02.2014;177,1;177,25;177,4;171,65;0,06K;0,83%
25.02.2014;175,65;174,8;180,35;173,2;0,12K;0,03%
24.02.2014;175,6;169,45;178,35;169,45;0,26K;4,18%
21.02.2014;168,55;169,3;172,5;167,8;0,36K;-0,15%
20.02.2014;168,8;172,4;175,7;161,8;1,45K;-1,72%
19.02.2014;171,75;152,9;172,9;150,85;12,43K;12,51%
18.02.2014;152,65;140,05;154,35;138,75;15,93K;9,11%
14.02.2014;139,9;137,9;140,6;137,2;19,05K;0,14%
13.02.2014;139,7;141,55;142,75;136,35;24,22K;-0,96%
12.02.2014;141,05;136,6;141,65;135,5;44,97K;2,84%
11.02.2014;137,15;136,65;138,5;135,5;22,34K;0,70%
10.02.2014;136,2;133,95;138,2;132,9;33,17K;0,37%
07.02.2014;135,7;135,1;142,75;132,05;34,83K;-0,04%
06.02.2014;135,75;142,6;144,15;134,8;36,87K;-5,14%
05.02.2014;143,1;136,25;143,7;134,25;35,54K;5,03%
04.02.2014;136,25;135,95;137,95;133,05;44,58K;0,22%
03.02.2014;135,95;125;136,4;125;40,60K;8,59%
31.01.2014;125,2;120,2;125,95;120;30,58K;4,33%
30.01.2014;120;117,3;120,55;117,15;20,07K;2,48%
29.01.2014;117,1;114,7;117,7;113,7;17,51K;2,14%
28.01.2014;114,65;113,5;114,85;113,3;14,56K;0,70%
27.01.2014;113,85;114,2;117,75;113,15;21,24K;-0,48%
24.01.2014;114,4;115,1;115,1;113,65;12,08K;-0,69%
23.01.2014;115,2;114,95;116,6;114,6;12,82K;0,30%
22.01.2014;114,85;115,9;116;114,25;13,08K;-1,16%
21.01.2014;116,2;117,15;118,55;114,7;15,44K;-0,81%
17.01.2014;117,15;118;118,1;116,3;8,30K;-1,01%
16.01.2014;118,35;117,5;119,75;117,35;10,02K;0,98%
15.01.2014;117,2;118,8;119,2;115,95;13,80K;-1,68%
14.01.2014;119,2;119,75;120,5;118,15;13,83K;-0,54%
13.01.2014;119,85;120,35;121,05;118,75;14,87K;-0,66%
10.01.2014;120,65;118,55;120,9;117,85;14,85K;1,09%
09.01.2014;119,35;120,9;121,5;118,3;18,04K;-1,28%
08.01.2014;120,9;117,55;121,5;117,55;19,92K;3,11%
07.01.2014;117,25;121,5;122,6;116,65;25,83K;-3,10%
06.01.2014;121;116,5;121,45;115,7;20,84K;4,00%
03.01.2014;116,35;111,5;116,55;111,2;15,60K;4,44%
02.01.2014;111,4;111,05;112,3;110,2;10,36K;0,70%
01.01.2014;110,63;110,63;110,63;110,63;;-0,07%
31.12.2013;110,7;114,6;114,85;110,55;11,34K;-3,49%
30.12.2013;114,7;116,35;117,45;114,25;6,56K;-1,42%
27.12.2013;116,35;115,6;118,4;115,55;8,42K;0,78%
26.12.2013;115,45;114,95;116,5;114,95;2,74K;0,61%
24.12.2013;114,75;115,85;116,8;114,05;2,80K;-0,95%
23.12.2013;115,85;115;117,5;115;5,74K;0,48%
20.12.2013;115,3;113,75;116,7;113,55;8,63K;1,36%
19.12.2013;113,75;115,9;116,25;113,1;8,74K;-1,17%
18.12.2013;115,1;114,4;114,4;114,4;0,00K;1,37%
17.12.2013;113,55;115;115;114;0,02K;-1,00%
16.12.2013;114,7;115,35;115,35;115,35;0,01K;0,17%
13.12.2013;114,5;111,7;114;111,15;0,02K;3,43%
12.12.2013;110,7;109,5;110,3;109,5;0,01K;1,47%
11.12.2013;109,1;110;110,15;108,95;0,01K;-0,50%
10.12.2013;109,65;106,75;109,95;106,75;0,02K;3,93%
09.12.2013;105,5;106,3;106,3;106,05;0,01K;-0,28%
06.12.2013;105,8;106,05;106,05;106,05;0,01K;0,38%
05.12.2013;105,4;108;108;105,5;0,02K;-2,23%
04.12.2013;107,8;109,8;109,95;107,6;0,04K;-1,60%
03.12.2013;109,55;108,75;109,95;108,15;0,03K;0,14%
02.12.2013;109,4;109,8;110,5;108,45;0,02K;-0,77%
29.11.2013;110,25;108;109,8;108;0,03K;2,46%
27.11.2013;107,6;108,95;109;107;0,05K;-0,51%
26.11.2013;108,15;108,1;109,05;107,6;0,05K;0,05%
25.11.2013;108,1;107,7;108,4;106,05;0,11K;0,93%
22.11.2013;107,1;110,65;111,85;107;0,22K;-3,03%
21.11.2013;110,45;107,7;110,85;107,7;0,30K;2,89%
20.11.2013;107,35;104,3;107,65;104,3;0,54K;2,58%
19.11.2013;104,65;105,8;106,4;104,45;17,10K;-1,04%
18.11.2013;105,75;105,85;106,75;105;11,30K;0,00%
15.11.2013;105,75;102,8;106,4;102,7;11,83K;3,07%
14.11.2013;102,6;103,1;104,45;102,15;25,74K;-0,44%
13.11.2013;103,05;105,8;106,35;102,5;20,04K;-2,60%
12.11.2013;105,8;103,5;106;103,25;33,88K;2,47%
11.11.2013;103,25;104,1;106,95;103,05;32,46K;-0,77%
08.11.2013;104,05;103,8;104,7;102,85;19,30K;0,10%
07.11.2013;103,95;101,5;105,2;100,95;28,05K;2,41%
06.11.2013;101,5;103,5;103,75;101;17,88K;-1,88%
05.11.2013;103,45;103,7;104,15;102,85;17,58K;-0,24%
04.11.2013;103,7;105,6;106,2;103,35;17,86K;-1,75%
01.11.2013;105,55;105,4;106,05;104,25;13,39K;0,14%
31.10.2013;105,4;107;107,3;105,25;16,83K;-1,36%
30.10.2013;106,85;107,05;107,8;106,65;12,07K;-0,09%
29.10.2013;106,95;106,6;107,85;106,6;10,98K;-0,56%
28.10.2013;107,55;109;109,2;106,9;16,30K;-1,42%
25.10.2013;109,1;110,3;111,45;108,8;15,16K;-1,09%
24.10.2013;110,3;110,5;111,85;109,5;15,49K;-0,23%
23.10.2013;110,55;111,85;112,5;110,5;11,27K;-1,25%
22.10.2013;111,95;113,35;113,35;111,85;8,81K;-0,67%
21.10.2013;112,7;114,4;114,7;112,3;16,11K;-1,70%
18.10.2013;114,65;114,4;115,1;114,05;8,28K;-0,04%
17.10.2013;114,7;116,05;116,35;114,25;9,21K;-0,99%
16.10.2013;115,85;116,5;117,5;115,65;10,84K;-0,52%
15.10.2013;116,45;117;117,65;115,1;11,79K;-0,47%
14.10.2013;117;116,7;117,5;116,15;5,81K;0,26%
11.10.2013;116,7;114,35;116,95;114,25;10,74K;2,01%
10.10.2013;114,4;115,15;117,95;114,15;22,63K;-0,74%
09.10.2013;115,25;114,75;115,8;114,45;8,04K;0,17%
08.10.2013;115,05;114,4;115,35;113,85;6,84K;0,48%
07.10.2013;114,5;114,4;114,75;113,5;5,98K;0,09%
04.10.2013;114,4;115,15;116;113,9;6,89K;-0,82%
03.10.2013;115,35;114,45;116,2;114,2;10,39K;0,79%
02.10.2013;114,45;114,5;115,5;114,1;8,33K;0,31%
01.10.2013;114,1;113,9;114,7;113,2;10,14K;0,35%
30.09.2013;113,7;113,65;114,8;113,5;9,72K;0,00%
27.09.2013;113,7;115,8;115,9;113,5;10,42K;-1,69%
26.09.2013;115,65;117,2;117,45;114,8;12,35K;-1,36%
25.09.2013;117,25;117,5;119,2;117,05;13,32K;-0,51%
24.09.2013;117,85;117,05;118,4;117;9,01K;0,68%
23.09.2013;117,05;114,65;117,45;114,65;11,66K;2,09%
20.09.2013;114,65;115,6;115,9;114,2;7,35K;-0,99%
19.09.2013;115,8;116;116,7;115,3;11,27K;4,04%
18.09.2013;111,3;111,8;111,8;111,8;0,00K;0,23%
17.09.2013;111,05;114,75;114,75;111,1;0,01K;-3,27%
16.09.2013;114,8;114,8;114,8;114,8;0,00K;-0,65%
13.09.2013;115,55;115,7;115,7;115,7;0,00K;-0,60%
12.09.2013;116,25;115,75;116,1;115,75;0,03K;-0,17%
11.09.2013;116,45;114;116;114;0,01K;3,65%
10.09.2013;112,35;114,6;114,6;114,6;0,00K;-1,32%
09.09.2013;113,85;114;114;114;0,00K;-0,09%
06.09.2013;113,95;113,95;113,95;113,95;0,01K;1,24%
05.09.2013;112,55;113,55;113,55;111,55;0,01K;0,00%
04.09.2013;112,55;112,55;112,55;112,55;;-0,22%
03.09.2013;112,8;113;114,5;112,9;0,02K;0,62%
30.08.2013;112,1;113,5;113,5;112;0,01K;-0,93%
29.08.2013;113,15;114,25;114,25;112,75;0,13K;-1,27%
28.08.2013;114,6;114,15;114,85;113,6;0,02K;1,28%
27.08.2013;113,15;113,8;113,8;112,9;0,03K;-0,79%
26.08.2013;114,05;114,1;115,2;114,1;0,11K;0,88%
23.08.2013;113,05;113;114,3;113;0,57K;-0,13%
22.08.2013;113,2;113,4;114,5;112,8;0,27K;-0,26%
21.08.2013;113,5;115,1;115,7;113,25;12,42K;-1,26%
20.08.2013;114,95;119;119;114,75;12,30K;-3,61%
19.08.2013;119,25;120,45;120,9;118,85;9,05K;-1,04%
16.08.2013;120,5;121,7;122,2;120;5,97K;-1,11%
15.08.2013;121,85;122,75;122,75;119,55;12,58K;-0,65%
14.08.2013;122,65;121,05;124,5;120,75;21,28K;1,70%
13.08.2013;120,6;123,5;124,25;119,35;29,11K;-2,31%
12.08.2013;123,45;122,9;124,6;122,1;19,54K;0,45%
09.08.2013;122,9;121,95;124,3;121,45;24,46K;0,70%
08.08.2013;122,05;120,65;123,6;120,4;21,02K;0,83%
07.08.2013;121,05;118,3;121,5;117,85;21,87K;2,67%
06.08.2013;117,9;119;119,45;117,1;19,78K;-1,46%
05.08.2013;119,65;118;121,2;117,9;16,30K;1,18%
02.08.2013;118,25;116;118,5;115,8;16,50K;2,29%
01.08.2013;115,6;118,75;119,45;115,35;19,12K;-2,53%
31.07.2013;118,6;120,5;120,75;117,4;18,03K;-1,41%
30.07.2013;120,3;121,1;122,45;120;14,65K;-0,70%
29.07.2013;121,15;122,25;123,35;119,8;12,49K;-0,90%
26.07.2013;122,25;124,6;125,9;122,1;15,01K;-2,04%
25.07.2013;124,8;121,8;125,15;120,85;12,36K;2,93%
24.07.2013;121,25;126,1;126,4;120,85;16,92K;-3,85%
23.07.2013;126,1;125,4;126,5;123,25;17,02K;0,64%
22.07.2013;125,3;123,15;125,7;122,6;16,39K;2,20%
19.07.2013;122,6;122,6;122,6;122,6;;-3,58%
18.07.2013;127,15;131,65;132,15;131,6;0,01K;-0,31%
17.07.2013;127,55;126,25;126,25;125,75;0,01K;1,55%
16.07.2013;125,6;124,9;126,1;124,9;0,00K;2,20%
15.07.2013;122,9;120,25;120,25;120,15;0,00K;3,15%
12.07.2013;119,15;120,4;120,4;119,35;0,01K;-3,25%
11.07.2013;123,15;123,15;123,15;123,15;0,04K;1,40%
10.07.2013;121,45;121,75;121,75;121,75;0,01K;-0,49%
09.07.2013;122,05;124;124;120;0,04K;-0,97%
08.07.2013;123,25;120,5;123,6;120,5;0,01K;1,90%
05.07.2013;120,95;120,8;120,8;120,8;0,00K;-0,14%
04.07.2013;121,13;121,13;121,13;121,13;;-0,02%
03.07.2013;121,15;124;124;121,3;0,02K;-2,38%
02.07.2013;124,1;121,25;124,35;121,25;0,04K;2,39%
01.07.2013;121,2;120,6;121,85;119,8;0,02K;1,00%
28.06.2013;120;122,3;122,35;118,5;0,04K;-1,32%
27.06.2013;121,6;118,8;121,5;118,7;0,04K;2,92%
26.06.2013;118,15;120,1;120,65;117,95;0,35K;-1,75%
25.06.2013;120,25;120,2;120,45;118,7;0,06K;0,67%
24.06.2013;119,45;118,85;120,4;118,65;0,07K;0,63%
21.06.2013;118,7;119,2;121,1;118,65;0,12K;0,89%
20.06.2013;117,65;122,1;122,1;116,9;2,24K;-4,15%
19.06.2013;122,75;122,9;123,4;121,9;11,27K;0,61%
18.06.2013;122;122,4;123,25;120,9;10,30K;-0,29%
17.06.2013;122,35;122,25;124,6;121,9;10,48K;0,08%
14.06.2013;122,25;124,15;124,7;121,85;16,24K;-1,17%
13.06.2013;123,7;122,7;124,1;121,35;24,45K;0,77%
12.06.2013;122,75;127,7;128,4;121,1;34,57K;-3,88%
11.06.2013;127,7;128,75;129;126;29,12K;-0,82%
10.06.2013;128,75;126,5;129;125,9;24,00K;1,42%
07.06.2013;126,95;129,7;129,75;126,3;24,41K;-1,93%
06.06.2013;129,45;127,4;129,9;127,05;24,54K;1,57%
05.06.2013;127,45;127,8;129,5;125,9;15,49K;-0,16%
04.06.2013;127,65;129;129,1;127,1;15,75K;-1,05%
03.06.2013;129;127,05;129,4;125,5;17,93K;1,53%
31.05.2013;127,05;125,95;127,85;125,05;13,95K;0,95%
30.05.2013;125,85;128;128,55;125,2;17,76K;-1,37%
29.05.2013;127,6;126,55;128;126;17,06K;0,91%
28.05.2013;126,45;127,55;128,2;125,8;21,54K;-0,63%
24.05.2013;127,25;130,65;130,75;126,8;16,74K;-2,15%
23.05.2013;130,05;128,8;131,8;128,05;20,81K;1,25%
22.05.2013;128,45;133,3;133,7;128,25;25,58K;-3,20%
21.05.2013;132,7;135,7;135,85;132,25;17,19K;-0,86%
20.05.2013;133,85;132,6;132,6;132,6;0,00K;-1,29%
17.05.2013;135,6;135,45;135,45;135,45;0,01K;-1,99%
16.05.2013;138,35;139,6;139,95;139,6;0,00K;0,25%
15.05.2013;138;138,1;138,1;138;0,00K;-2,58%
14.05.2013;141,65;143,7;143,7;143,7;0,00K;-2,01%
13.05.2013;144,55;142,95;144,75;141,5;0,02K;0,52%
10.05.2013;143,8;147,2;147,65;147,2;0,01K;-1,37%
09.05.2013;145,8;146;146,05;146;0,02K;1,14%
08.05.2013;144,15;144;144;144;0,06K;1,30%
07.05.2013;142,3;141,3;141,4;141;0,10K;0,67%
06.05.2013;141,35;141,35;141,35;141,35;;0,75%
03.05.2013;140,3;138,75;140,25;138,75;0,01K;0,97%
02.05.2013;138,95;135,35;139,2;135,35;0,09K;3,31%
01.05.2013;134,5;136;136;132,75;0,07K;-0,33%
30.04.2013;134,95;134,2;134,95;133,5;0,15K;1,01%
29.04.2013;133,6;133,65;134,45;132,8;0,05K;-0,22%
26.04.2013;133,9;137,55;137,55;133,3;0,07K;-2,41%
25.04.2013;137,2;138,95;139,55;136,35;0,16K;-0,87%
24.04.2013;138,4;138,15;139,3;137,15;0,19K;0,62%
23.04.2013;137,55;142,45;142,45;136,6;0,64K;-3,47%
22.04.2013;142,5;141,65;143,5;141;0,96K;0,60%
19.04.2013;141,65;138,9;142,45;138,9;6,18K;1,98%
18.04.2013;138,9;136,3;139,3;136,2;10,28K;2,06%
17.04.2013;136,1;135,85;138,1;135,4;9,47K;0,18%
16.04.2013;135,85;134,5;136;134,45;12,95K;1,04%
15.04.2013;134,45;134,95;135,35;131,75;19,73K;-0,59%
12.04.2013;135,25;136,6;137,8;134,9;25,01K;-1,13%
11.04.2013;136,8;135,7;137,3;135,7;23,47K;0,55%
10.04.2013;136,05;135,4;137,8;135,25;22,61K;0,48%
09.04.2013;135,4;136,2;136,85;134,7;35,42K;-0,37%
08.04.2013;135,9;139,8;140,9;135;33,42K;-3,03%
05.04.2013;140,15;139,25;140,7;137,95;24,73K;0,47%
04.04.2013;139,5;139,3;139,8;137,45;19,54K;0,04%
03.04.2013;139,45;135,95;139,65;135,5;24,29K;2,42%
02.04.2013;136,15;137,8;138,15;135,65;23,23K;-1,63%
01.04.2013;138,4;137,15;141,35;135,5;15,51K;0,91%
28.03.2013;137,15;136,6;137,75;135,85;10,32K;0,40%
27.03.2013;136,6;136,8;138,15;134,85;13,65K;-0,73%
26.03.2013;137,6;135,6;138,8;135,3;17,02K;1,47%
25.03.2013;135,6;135,95;136,6;134,65;11,87K;0,22%
22.03.2013;135,3;133,7;136,3;133,2;17,52K;1,16%
21.03.2013;133,75;133,2;134,45;132,35;12,82K;0,11%
20.03.2013;133,6;133,2;134,25;132,05;13,55K;0,38%
19.03.2013;133,1;134,5;135,45;132,55;11,33K;-0,04%
18.03.2013;133,15;133,7;133,7;133,7;0,00K;-2,45%
15.03.2013;136,5;137,4;137,4;137,4;0,01K;-1,73%
14.03.2013;138,9;139,65;139,8;139,65;0,00K;-0,82%
13.03.2013;140,05;140,9;142,85;140,2;0,02K;-1,13%
12.03.2013;141,65;141,55;141,55;141,55;0,01K;-0,98%
11.03.2013;143,05;143,3;143,9;143,3;0,01K;-0,21%
08.03.2013;143,35;142,7;142,7;142,5;0,01K;0,63%
07.03.2013;142,45;140,6;140,6;139,95;0,01K;1,32%
06.03.2013;140,6;140,5;140,5;140,1;0,00K;0,07%
05.03.2013;140,5;146;146,9;140,1;0,02K;-3,73%
04.03.2013;145,95;146;146;145,7;0,00K;2,13%
01.03.2013;142,9;143,55;143,6;142;0,08K;0,18%
28.02.2013;142,65;143,3;143,65;141,5;0,07K;0,18%
27.02.2013;142,4;141,85;143,4;141,65;0,15K;-0,35%
26.02.2013;142,9;142;143,55;141;0,10K;0,21%
25.02.2013;142,6;143,6;144,05;140,6;0,16K;-0,35%
22.02.2013;143,1;142,2;143,95;142,2;0,50K;0,95%
21.02.2013;141,75;140,35;141,65;138,75;0,62K;0,53%
20.02.2013;141;136,6;141,7;136,55;1,44K;3,30%
19.02.2013;136,5;137,2;139,4;135,9;20,58K;-0,33%
15.02.2013;136,95;137,8;138,2;136,45;18,94K;-0,76%
14.02.2013;138;138,85;139,25;137,45;12,22K;-0,54%
13.02.2013;138,75;140,5;141,65;138,3;18,18K;-1,35%
12.02.2013;140,65;140,05;142,15;138,55;22,77K;0,36%
11.02.2013;140,15;141,75;141,9;139,7;26,10K;-0,64%
08.02.2013;141,05;139,9;142,05;139,4;21,73K;0,53%
07.02.2013;140,3;142,1;143,3;139,65;29,45K;-1,27%
06.02.2013;142,1;144,2;144,45;141,8;20,83K;-1,35%
05.02.2013;144,05;144,55;145,7;143,75;21,30K;-0,21%
04.02.2013;144,35;147,5;148,05;143,95;20,76K;-2,43%
01.02.2013;147,95;146,95;149,8;146,9;15,12K;0,68%
31.01.2013;146,95;148,05;148,6;146,55;14,70K;-0,51%
30.01.2013;147,7;149,9;150,8;147,15;20,43K;-1,40%
29.01.2013;149,8;149,05;150,5;148,25;12,70K;0,54%
28.01.2013;149;148,1;149,8;146,95;14,46K;0,47%
25.01.2013;148,3;147,2;148,5;146,4;8,71K;1,19%
24.01.2013;146,55;150,65;151,3;146,1;20,40K;-2,56%
23.01.2013;150,4;148,85;151,8;148,35;14,70K;1,21%
22.01.2013;148,6;154,8;156,45;148,2;27,68K;-4,93%
18.01.2013;156,3;155,45;157,9;154,55;16,07K;0,51%
17.01.2013;155,5;152,7;156,5;152,4;17,35K;1,63%
16.01.2013;153;152;154,75;150,8;13,09K;0,33%
15.01.2013;152,5;152,7;156,5;151,25;20,15K;-0,52%
14.01.2013;153,3;152,95;155,9;152,5;22,54K;-0,03%
11.01.2013;153,35;149,2;153,5;148,85;24,64K;2,47%
10.01.2013;149,65;148,2;149,9;147,7;15,08K;1,18%
09.01.2013;147,9;146,6;149,15;145,95;16,52K;-0,17%
08.01.2013;148,15;149,3;150,45;145,65;19,71K;-1,50%
07.01.2013;150,4;147,35;151;146,6;15,16K;2,07%
04.01.2013;147,35;145,4;147,85;142,6;13,70K;0,58%
03.01.2013;146,5;148,6;151,95;145,45;19,81K;-1,94%
02.01.2013;149,4;145;150;144,95;15,62K;3,89%
31.12.2012;143,8;146,1;146,25;141,25;10,47K;-2,08%
28.12.2012;146,85;147,05;149,25;145,6;6,43K;-0,71%
27.12.2012;147,9;148;148,75;146,8;5,67K;-0,27%
26.12.2012;148,3;147,05;148,95;145,85;4,86K;0,88%
24.12.2012;147;146,6;147,95;145,1;3,77K;0,27%
21.12.2012;146,6;143,25;146,85;141,85;9,53K;2,55%
20.12.2012;142,95;145;146,25;141,8;11,89K;-1,35%
19.12.2012;144,9;143,55;145,85;142,7;8,08K;8,54%
18.12.2012;133,5;133,5;133,5;133,5;0,00K;-3,23%
17.12.2012;137,95;137,95;138,25;137,95;0,00K;0,40%
14.12.2012;137,4;136,6;136,6;136,6;0,01K;1,59%
13.12.2012;135,25;135,25;135,25;135,25;;-2,10%
12.12.2012;138,15;140,15;141,25;138,6;0,01K;-2,13%
11.12.2012;141,15;141,15;141,15;141,15;0,00K;2,21%
10.12.2012;138,1;142;142;142;0,00K;-2,81%
07.12.2012;142,1;140,5;142,25;140,1;0,01K;1,17%
06.12.2012;140,45;140,45;140,45;140,45;;0,61%
05.12.2012;139,6;140,2;140,2;139,25;0,01K;1,64%
04.12.2012;137,35;138,9;138,9;138,9;0,02K;-3,07%
03.12.2012;141,7;140,1;142;140,1;0,02K;-0,28%
30.11.2012;142,1;146,65;146,65;141,35;0,02K;-2,77%
29.11.2012;146,15;146,65;148,15;144,5;0,01K;1,04%
28.11.2012;144,65;138,25;144,7;137,35;0,05K;3,47%
27.11.2012;139,8;137,15;142;137,1;0,07K;-0,07%
26.11.2012;139,9;142,45;142,45;132,25;0,24K;-1,58%
23.11.2012;142,15;144,9;144,9;142;0,14K;-1,83%
21.11.2012;144,8;144;145,85;142,9;0,77K;0,73%
20.11.2012;143,75;150,65;151;143,2;12,74K;-5,05%
19.11.2012;151,4;147,55;151,8;147,55;11,02K;2,78%
16.11.2012;147,3;148,6;149;146,5;5,88K;-1,14%
15.11.2012;149;148,25;149,35;144,5;8,56K;0,88%
14.11.2012;147,7;146,5;148,7;146,5;10,90K;1,16%
13.11.2012;146;153;153;145,75;18,12K;-4,61%
12.11.2012;153,05;151,15;154,4;151,15;26,51K;2,10%
09.11.2012;149,9;151,95;152,35;149,6;18,38K;-0,99%
08.11.2012;151,4;151,5;153,2;149,9;26,35K;0,13%
07.11.2012;151,2;151;154;150,7;16,89K;0,40%
06.11.2012;150,6;151;152,5;150,35;10,69K;-0,20%
05.11.2012;150,9;154,7;154,7;150,8;14,64K;-2,46%
02.11.2012;154,7;155;155,45;153,15;11,98K;0,81%
01.11.2012;153,45;154,65;156,4;152,8;11,67K;-0,78%
31.10.2012;154,65;157,05;158,85;154,4;17,51K;-1,62%
30.10.2012;157,2;162;162,75;156,55;10,04K;-2,75%
29.10.2012;161,65;157,75;161,8;156,3;15,87K;2,47%
26.10.2012;157,75;161;161,45;156,9;11,21K;-2,02%
25.10.2012;161;160,5;161,9;159,2;8,35K;0,75%
24.10.2012;159,8;160,85;162,3;158,7;9,92K;-0,65%
23.10.2012;160,85;164,1;164,1;160,25;8,73K;-2,22%
22.10.2012;164,5;162,5;165,7;161,4;12,47K;1,76%
19.10.2012;161,65;158,65;162,85;158,15;12,75K;1,92%
18.10.2012;158,6;161,1;161,55;157,15;13,06K;-1,80%
17.10.2012;161,5;163;163,35;159,6;9,48K;-0,80%
16.10.2012;162,8;161,5;163,45;160,35;9,43K;1,21%
15.10.2012;160,85;161,7;162,75;159,5;10,29K;-0,53%
12.10.2012;161,7;161,1;163,1;159,7;10,78K;0,59%
11.10.2012;160,75;163,3;163,7;160,3;15,84K;-1,65%
10.10.2012;163,45;166,65;166,95;163,3;14,36K;-1,12%
09.10.2012;165,3;168,5;170;164,1;21,03K;-2,25%
08.10.2012;169,1;167,8;169,4;166,35;9,75K;0,59%
05.10.2012;168,1;175,05;176,55;167,7;17,83K;-3,97%
04.10.2012;175,05;181,05;183,8;173,4;18,97K;-3,31%
03.10.2012;181,05;181,5;185,45;180,5;17,94K;-1,42%
02.10.2012;183,65;178,1;184,55;177,95;21,46K;3,15%
01.10.2012;178,05;172,85;178,95;172,15;12,80K;2,62%
28.09.2012;173,5;174,25;175,2;170,25;11,47K;-0,46%
27.09.2012;174,3;169,6;174,65;169,45;10,01K;2,86%
26.09.2012;169,45;173;173,25;169;9,73K;-2,42%
25.09.2012;173,65;172,45;174,85;171,55;7,48K;0,78%
24.09.2012;172,3;171,8;172,75;167,65;11,42K;-0,58%
21.09.2012;173,3;168,6;173,8;168,6;10,35K;2,79%
20.09.2012;168,6;174,2;174,5;168,3;17,86K;-3,33%
19.09.2012;174,4;178,05;179,1;172,35;11,65K;-1,69%
18.09.2012;177,4;172;177,8;172;0,01K;1,34%
17.09.2012;175,05;181,1;182,55;174,2;0,03K;-3,18%
14.09.2012;180,8;180,85;182,65;180,05;0,02K;1,29%
13.09.2012;178,5;177,5;178,25;177,5;0,00K;0,76%
12.09.2012;177,15;178,05;178,1;178,05;0,01K;-0,06%
11.09.2012;177,25;176,7;176,7;176,7;0,00K;2,22%
10.09.2012;173,4;173,5;173,5;173,5;0,01K;6,58%
07.09.2012;162,7;161,75;162,6;161,75;0,01K;3,04%
06.09.2012;157,9;161,9;161,9;157,1;0,01K;-1,59%
05.09.2012;160,45;164,5;164,5;160,8;0,02K;-2,70%
04.09.2012;164,9;164,45;165;164,45;0,01K;0,21%
31.08.2012;164,55;163,75;165,2;162,8;0,02K;0,95%
30.08.2012;163;165,5;167,5;162,5;0,03K;-2,04%
29.08.2012;166,4;167,5;168,6;166,25;0,07K;-0,80%
28.08.2012;167,75;166,5;168;165,75;0,08K;0,42%
27.08.2012;167,05;165;167,45;165;0,12K;2,74%
24.08.2012;162,6;160,35;163,5;160;0,16K;1,47%
23.08.2012;160,25;159,5;161,4;158,9;0,77K;0,82%
22.08.2012;158,95;160,45;160,55;157,6;6,69K;-1,06%
21.08.2012;160,65;161,75;162,5;160,55;5,95K;-0,34%
20.08.2012;161,2;160,65;163,45;160,3;7,95K;0,56%
17.08.2012;160,3;159,15;160,7;157,4;4,84K;0,91%
16.08.2012;158,85;161,8;161,8;157,8;5,36K;-1,88%
15.08.2012;161,9;163,25;163,55;158,8;;-0,71%
14.08.2012;163,05;164,9;165,75;162,4;11,79K;-0,64%
13.08.2012;164,1;166,2;167,25;162,95;18,86K;-1,29%
10.08.2012;166,25;167;167,45;164,2;15,36K;-0,12%
09.08.2012;166,45;170,95;171,35;166,25;20,06K;-2,38%
08.08.2012;170,5;172,75;173,1;169,9;16,96K;-1,25%
07.08.2012;172,65;175,5;176,2;172,4;16,86K;-1,62%
06.08.2012;175,5;173,1;177,85;173;10,34K;0,98%
03.08.2012;173,8;171,65;174,2;171,3;7,82K;1,25%
02.08.2012;171,65;174,95;175,35;171,25;14,35K;-1,69%
01.08.2012;174,6;174,65;175,6;170,6;15,97K;0,11%
31.07.2012;174,4;178,1;178,65;172,7;13,62K;-2,21%
30.07.2012;178,35;174,35;178,9;173,15;10,96K;2,68%
27.07.2012;173,7;174,05;176,75;173,05;8,64K;-0,20%
26.07.2012;174,05;176,3;179,5;173,1;11,89K;-1,28%
25.07.2012;176,3;175,45;178,45;174;11,39K;0,48%
24.07.2012;175,45;184,4;185,45;173,7;20,02K;-5,21%
23.07.2012;185,1;185,85;186,4;183,1;8,80K;-0,99%
20.07.2012;186,95;188,9;190,85;186,1;12,23K;-0,66%
19.07.2012;188,2;188,2;188,2;188,2;0,02K;3,75%
18.07.2012;181,4;182;182;179,9;0,02K;0,36%
17.07.2012;180,75;182,15;182,15;180,7;0,01K;-0,99%
16.07.2012;182,55;186,8;186,8;180,6;0,01K;-1,03%
13.07.2012;184,45;184,15;184,25;184,15;0,01K;1,82%
12.07.2012;181,15;181,75;182,15;179,05;0,01K;-0,85%
11.07.2012;182,7;183,6;190,35;183,6;0,03K;-0,57%
10.07.2012;183,75;181,05;182,05;181,05;0,01K;1,10%
09.07.2012;181,75;176,9;181,1;176,9;0,01K;3,33%
06.07.2012;175,9;179,35;179,75;177,15;0,03K;-1,87%
05.07.2012;179,25;180;184,8;178,25;0,03K;-0,47%
03.07.2012;180,1;175;179,75;174,8;0,03K;3,33%
02.07.2012;174,3;172,8;172,95;172,5;0,02K;2,47%
29.06.2012;170,1;164;168,6;164;0,07K;4,36%
28.06.2012;163;163,2;163,35;161;0,06K;-0,91%
27.06.2012;164,5;164,95;168,1;163,4;0,13K;-0,54%
26.06.2012;165,4;159;165,3;157,35;0,19K;4,22%
25.06.2012;158,7;154,7;159;153,75;0,28K;2,29%
22.06.2012;155,15;158,15;158,15;152,5;0,42K;-1,65%
21.06.2012;157,75;150,75;158,15;150;1,09K;4,64%
20.06.2012;150,75;156;159,15;150;10,38K;-3,74%
19.06.2012;156,6;149,7;156,7;148,55;8,45K;4,71%
18.06.2012;149,55;150,7;150,9;148,2;7,61K;-0,33%
15.06.2012;150,05;149,5;151,2;149,25;7,54K;0,57%
14.06.2012;149,2;152,3;152,3;148,85;12,24K;-2,16%
13.06.2012;152,5;154,55;155,15;151,85;17,28K;-1,10%
12.06.2012;154,2;154,5;155,5;153,3;20,33K;-0,58%
11.06.2012;155,1;155,7;157,9;153,7;21,07K;-0,32%
08.06.2012;155,6;156,65;157,7;154,6;12,85K;-0,67%
07.06.2012;156,65;156,2;158,1;154,25;14,64K;0,48%
06.06.2012;155,9;156,45;158,9;155,5;12,01K;-0,19%
05.06.2012;156,2;158;159,35;155,9;11,78K;-1,42%
04.06.2012;158,45;157,9;158,95;154,65;12,44K;0,60%
01.06.2012;157,5;160,65;161,25;156,5;14,78K;-1,96%
31.05.2012;160,65;164,2;165,45;160,15;16,37K;-2,28%
30.05.2012;164,4;165,4;166,4;162,3;19,14K;-0,60%
29.05.2012;165,4;168,45;169,45;164,75;13,28K;-1,43%
25.05.2012;167,8;166,45;168,55;165,45;12,00K;0,54%
24.05.2012;166,9;167;169,6;165,3;12,90K;0,00%
23.05.2012;166,9;173,5;173,5;165,1;26,15K;-4,36%
22.05.2012;174,5;176;177;172,85;16,38K;-0,37%
21.05.2012;175,15;179;181,35;174,3;12,38K;-1,44%
18.05.2012;177,7;177,7;177,7;177,7;;-0,53%
17.05.2012;178,65;177,9;179;177,1;0,02K;0,70%
16.05.2012;177,4;178,8;178,8;178,8;0,00K;0,20%
15.05.2012;177,05;177,05;177,05;177,05;0,00K;-0,20%
14.05.2012;177,4;173,7;174,5;173,6;0,02K;0,48%
11.05.2012;176,55;179,25;179,25;179;0,01K;-1,09%
10.05.2012;178,5;178,5;178,5;178,5;0,02K;1,91%
09.05.2012;175,15;176,8;176,8;172,9;0,02K;0,00%
08.05.2012;175,15;173,75;175,2;173,5;0,05K;0,57%
07.05.2012;174,15;173,8;174,35;173,5;0,01K;0,37%
04.05.2012;173,5;175,4;175,45;173,4;0,02K;-0,46%
03.05.2012;174,3;181,05;181,05;174,65;0,03K;-3,86%
02.05.2012;181,3;182,9;182,9;182,45;0,00K;-0,85%
01.05.2012;182,85;176;180,8;176;0,02K;2,75%
30.04.2012;177,95;175,4;178,6;174,75;0,03K;1,69%
27.04.2012;175;174,7;176;174,7;0,11K;0,17%
26.04.2012;174,7;176;176,35;174,75;0,10K;-0,71%
25.04.2012;175,95;184,15;184,25;174,9;0,09K;-3,59%
24.04.2012;182,5;178,45;183;178,45;0,11K;2,70%
23.04.2012;177,7;177,5;178,4;176,1;0,12K;0,00%
20.04.2012;177,7;173,55;178,4;173,55;0,40K;2,33%
19.04.2012;173,65;172,05;175;172,05;5,90K;0,58%
18.04.2012;172,65;173,05;174;171,9;7,94K;-0,23%
17.04.2012;173,05;175,55;177,3;172,45;10,23K;-0,94%
16.04.2012;174,7;179,3;180;172,65;15,23K;-2,51%
13.04.2012;179,2;182,05;186,4;178,15;24,87K;-2,02%
12.04.2012;182,9;181,05;183,3;178,9;24,31K;1,25%
11.04.2012;180,65;178,1;182,95;177,9;23,91K;1,40%
10.04.2012;178,15;178,5;182,35;177,75;20,84K;0,06%
09.04.2012;178,05;182,85;183,6;177,55;12,94K;-2,70%
05.04.2012;183;184;185;180,95;15,93K;-0,95%
04.04.2012;184,75;184;190,45;178,7;27,21K;-0,32%
03.04.2012;185,35;185,9;185,9;182,35;13,34K;-0,46%
02.04.2012;186,2;182,5;186,9;180,3;16,44K;2,06%
30.03.2012;182,45;177,15;184,05;177,1;17,28K;3,40%
29.03.2012;176,45;181,5;183,25;175,9;15,74K;-3,05%
28.03.2012;182;186,9;187,85;181,25;15,12K;-2,86%
27.03.2012;187,35;178,8;187,65;178,8;23,14K;4,78%
26.03.2012;178,8;178,25;180,4;177,7;11,38K;0,03%
23.03.2012;178,75;176,25;179,25;175,25;12,48K;1,02%
22.03.2012;176,95;184,15;185,3;174,45;21,14K;-4,20%
21.03.2012;184,7;183,5;188,45;182,5;13,80K;0,87%
20.03.2012;183,1;182,75;185,1;182,75;0,01K;0,33%
19.03.2012;182,5;183,9;184,8;183,05;0,02K;0,63%
16.03.2012;181,35;181,35;181,35;181,35;0,01K;-1,68%
15.03.2012;184,45;184,25;184,25;184,25;0,00K;0,93%
14.03.2012;182,75;182,75;182,75;182,75;0,00K;-1,40%
13.03.2012;185,35;183;184;183;0,02K;1,51%
12.03.2012;182,6;184,35;184,35;181,8;0,01K;-1,62%
09.03.2012;185,6;186,3;186,3;186;0,01K;-1,98%
08.03.2012;189,35;189,7;191,7;186,7;0,04K;0,50%
07.03.2012;188,4;193,3;194,15;186,4;0,04K;-2,36%
06.03.2012;192,95;200,85;200,85;195,5;0,02K;-4,24%
05.03.2012;201,5;198,05;200,3;198,05;0,01K;-0,07%
02.03.2012;201,65;202,85;202,85;200,9;0,03K;-1,15%
01.03.2012;204;203,15;203,15;202,25;0,05K;0,42%
29.02.2012;203,15;205,8;205,8;201,55;0,05K;-1,46%
28.02.2012;206,15;204,45;206,25;202,35;0,09K;0,83%
27.02.2012;204,45;202,8;204,5;201,5;0,06K;0,59%
24.02.2012;203,25;202;203,9;202;0,24K;0,62%
23.02.2012;202;200,85;205,35;200,85;0,21K;0,62%
22.02.2012;200,75;204;205,1;200,35;0,65K;-1,91%
21.02.2012;204,65;199,75;205;199;0,79K;2,30%
17.02.2012;200,05;200,2;201;198,5;5,08K;0,38%
16.02.2012;199,3;201,15;202,25;195,9;6,91K;-0,55%
15.02.2012;200,4;204,5;205,9;198,3;8,00K;-1,86%
14.02.2012;204,2;212,15;213,3;203,25;11,80K;-3,82%
13.02.2012;212,3;216;217,6;210;21,43K;-1,39%
10.02.2012;215,3;216;218;214,45;17,16K;-0,32%
09.02.2012;216;220,6;222,15;214,75;16,73K;-1,84%
08.02.2012;220,05;220,9;222,3;219,15;14,92K;-0,41%
07.02.2012;220,95;219,1;222,45;215,8;11,87K;0,98%
06.02.2012;218,8;215;219,8;213,05;9,52K;1,32%
03.02.2012;215,95;215,8;218,95;214,6;8,51K;0,16%
02.02.2012;215,6;214;216,15;210,95;9,52K;0,70%
01.02.2012;214,1;214,5;215,9;213,2;13,56K;-0,44%
31.01.2012;215,05;217;219,65;213,1;15,87K;-0,72%
30.01.2012;216,6;216,75;217,3;215;9,02K;-0,35%
27.01.2012;217,35;219,65;220,2;216,9;9,71K;-1,07%
26.01.2012;219,7;218,5;221,5;217,25;11,16K;1,15%
25.01.2012;217,2;220,25;221,9;216,8;12,64K;-1,47%
24.01.2012;220,45;219,75;221,3;217,55;8,88K;0,46%
23.01.2012;219,45;223,9;225;217,85;15,58K;-2,64%
20.01.2012;225,4;225,5;228,65;224,1;10,82K;-0,55%
19.01.2012;226,65;224,25;227,8;223,35;11,18K;0,80%
18.01.2012;224,85;225,95;227;222,25;10,73K;-0,13%
17.01.2012;225,15;225,45;229,25;221,1;14,15K;-0,04%
13.01.2012;225,25;233,6;236,4;224,5;15,54K;-3,70%
12.01.2012;233,9;233,8;238,5;231,85;13,69K;-0,43%
11.01.2012;234,9;225,25;235,2;224,15;20,87K;3,96%
10.01.2012;225,95;221,5;226,1;221,15;9,69K;1,85%
09.01.2012;221,85;220,75;224,5;217,6;9,77K;0,05%
06.01.2012;221,75;219;222,4;216,6;9,98K;1,00%
05.01.2012;219,55;225,45;225,8;217,55;15,06K;-3,15%
04.01.2012;226,7;226;229,15;224,4;10,66K;-0,22%
03.01.2012;227,2;226,85;228;222,4;10,69K;0,20%
02.01.2012;226,75;226,75;226,75;226,75;;-0,04%
30.12.2011;226,85;224,45;227,6;224,2;2,98K;1,16%
29.12.2011;224,25;225,75;227,2;224,1;3,60K;-1,10%
28.12.2011;226,75;221,9;229,3;221;7,85K;1,75%
27.12.2011;222,85;218,35;223;218,35;3,53K;2,28%
26.12.2011;217,88;217,88;217,88;217,88;;0,00%
25.12.2011;217,88;217,88;217,88;217,88;;-0,81%
23.12.2011;219,65;220,9;222,85;217,4;3,53K;-0,79%
22.12.2011;221,4;219,7;223,4;218,65;7,50K;0,68%
21.12.2011;219,9;222,1;222,8;218,5;6,67K;-1,30%
20.12.2011;222,8;220;224,05;219;9,19K;3,48%
19.12.2011;215,3;215,3;215,3;215,3;0,01K;2,06%
16.12.2011;210,95;213,4;214,25;213,4;0,01K;-1,31%
15.12.2011;213,75;215;215;215;0,00K;-0,63%
14.12.2011;215,1;219,25;219,25;213,5;0,01K;-1,62%
13.12.2011;218,65;221;221;219,15;0,03K;0,07%
12.12.2011;218,5;224;224;218;0,05K;-2,74%
09.12.2011;224,65;225,5;226;225,5;0,01K;-0,47%
08.12.2011;225,7;226,4;227,35;225,4;0,01K;-0,46%
07.12.2011;226,75;231,7;231,7;226,9;0,02K;-2,62%
06.12.2011;232,85;232,25;233,7;230,1;0,03K;-0,47%
05.12.2011;233,95;229,4;235,2;228,5;0,03K;2,99%
02.12.2011;227,15;234;234;223,9;0,01K;-2,59%
01.12.2011;233,2;233,2;235,7;231,55;0,08K;-0,26%
30.11.2011;233,8;225;232,9;225;0,08K;3,80%
29.11.2011;225,25;226;228,5;224,2;0,13K;0,24%
28.11.2011;224,7;231,2;234;224,4;0,08K;-2,13%
25.11.2011;229,6;231;231,45;229,5;0,11K;-0,86%
23.11.2011;231,6;231,2;236,6;230,25;0,11K;-0,56%
22.11.2011;232,9;233,5;233,8;230,85;0,20K;0,30%
21.11.2011;232,2;233,7;234,5;231,95;0,69K;-0,85%
18.11.2011;234,2;231,75;236;231,6;6,99K;0,88%
17.11.2011;232,15;235;236,25;231,3;9,34K;-1,53%
16.11.2011;235,75;237,55;238,5;235,1;7,01K;-1,57%
15.11.2011;239,5;233,15;240;230,4;13,47K;3,70%
14.11.2011;230,95;237,3;238,35;228,1;15,07K;-1,28%
11.11.2011;233,95;230,7;235,05;229,25;21,17K;1,72%
10.11.2011;230;229,05;232,8;227,75;10,16K;-0,09%
09.11.2011;230,2;230,4;231,45;226,95;11,91K;0,26%
08.11.2011;229,6;234,9;237,3;228,7;14,32K;-1,46%
07.11.2011;233;230,2;236,8;228,65;14,67K;1,22%
04.11.2011;230,2;227,5;231,4;224,25;11,90K;1,50%
03.11.2011;226,8;223,25;230,1;223,25;13,01K;1,25%
02.11.2011;224;225,4;227,5;223;11,17K;0,16%
01.11.2011;223,65;226,4;226,4;220,45;16,41K;-1,45%
31.10.2011;226,95;233;233,5;225,35;13,77K;-3,49%
28.10.2011;235,15;234,6;236,7;232,1;10,20K;0,23%
27.10.2011;234,6;234;240,95;234;12,15K;0,39%
26.10.2011;233,7;236,8;240,5;231,9;11,30K;-1,20%
25.10.2011;236,55;251,25;252,5;235,6;21,50K;-5,68%
24.10.2011;250,8;245,45;251,5;243,1;11,96K;2,43%
21.10.2011;244,85;233,65;246,7;233,2;19,34K;5,70%
20.10.2011;231,65;234,4;236,85;229,7;11,84K;-1,91%
19.10.2011;236,15;231,25;239,25;230,9;11,18K;2,01%
18.10.2011;231,5;232,8;236;229,4;11,69K;-1,07%
17.10.2011;234;240,05;243,55;228,35;13,02K;-2,32%
14.10.2011;239,55;237,45;241,5;234,25;10,73K;0,80%
13.10.2011;237,65;231,5;240,35;228,1;12,98K;3,57%
12.10.2011;229,45;224;231,7;223,6;9,56K;2,71%
11.10.2011;223,4;226,3;228,35;221,65;11,81K;-1,28%
10.10.2011;226,3;226;231,75;225,1;7,99K;0,87%
07.10.2011;224,35;235,65;236;223,65;11,59K;-4,29%
06.10.2011;234,4;229;236,1;228,05;11,44K;2,94%
05.10.2011;227,7;228;232;226,15;7,79K;0,51%
04.10.2011;226,55;224,25;230,2;221,7;13,14K;1,39%
03.10.2011;223,45;228,5;228,6;219,8;16,49K;-2,38%
30.09.2011;228,9;230,85;233,6;228,5;12,97K;-0,97%
29.09.2011;231,15;233,4;235,5;230,15;12,92K;-1,01%
28.09.2011;233,5;241,05;244,2;232,85;14,14K;-3,05%
27.09.2011;240,85;238,4;246,55;237,35;14,75K;2,08%
26.09.2011;235,95;233;240,5;232;12,54K;1,94%
23.09.2011;231,45;239,9;241,95;230,8;19,20K;-3,26%
22.09.2011;239,25;251;251;235,65;24,26K;-5,04%
21.09.2011;251,95;260,4;260,4;251,35;15,36K;-2,89%
20.09.2011;259,45;264,9;267,15;264,65;0,02K;-1,27%
19.09.2011;262,8;263;263;259,95;0,01K;-0,08%
16.09.2011;263;262,55;262,55;258,45;0,02K;-0,13%
15.09.2011;263,35;268,2;270,55;263,7;0,01K;-1,86%
14.09.2011;268,35;273,6;273,6;268,9;0,01K;-1,65%
13.09.2011;272,85;273,5;273,5;272,35;0,01K;-0,31%
12.09.2011;273,7;272,5;275,8;272,5;0,03K;0,90%
09.09.2011;271,25;281,5;281,5;270,25;0,07K;-4,96%
08.09.2011;285,4;284,85;284,85;284,85;0,01K;-0,14%
07.09.2011;285,8;284,3;286;282,5;0,02K;1,20%
06.09.2011;282,4;280,9;283,4;278,1;0,04K;-1,22%
05.09.2011;285,88;285,88;285,88;285,88;;-1,15%
02.09.2011;289,2;289;291,75;287,75;0,09K;-0,52%
01.09.2011;290,7;285,85;290,8;285,85;0,01K;0,55%
31.08.2011;289,1;286,1;286,1;286,1;0,03K;0,57%
30.08.2011;287,45;284,9;284,9;279,85;0,03K;0,88%
29.08.2011;284,95;280,65;284,25;280;0,03K;2,17%
26.08.2011;278,9;275,7;279,55;275,7;0,10K;1,55%
25.08.2011;274,65;273,25;276,9;273,25;0,12K;0,79%
24.08.2011;272,5;271;276,35;270,1;0,22K;1,36%
23.08.2011;268,85;264,1;271,8;264,1;0,89K;1,57%
22.08.2011;264,7;265;269,55;263,4;6,38K;-0,54%
19.08.2011;266,15;262,7;266,6;261,65;7,60K;0,51%
18.08.2011;264,8;262,35;265;256,85;4,73K;0,61%
17.08.2011;263,2;251,15;263,6;250,65;5,97K;4,63%
16.08.2011;251,55;245,3;252;242;7,63K;2,38%
15.08.2011;245,7;240,8;248,1;240,1;10,89K;2,23%
12.08.2011;240,35;241;242,5;239,4;13,71K;-0,21%
11.08.2011;240,85;235,1;241,75;234,25;17,52K;2,55%
10.08.2011;234,85;235,8;238,8;233,8;13,15K;0,04%
09.08.2011;234,75;233,6;238,1;232,6;13,05K;0,23%
08.08.2011;234,2;236,95;237;231,35;13,96K;-1,60%
05.08.2011;238;235,35;247,7;233,5;24,88K;0,91%
04.08.2011;235,85;242,15;243,1;234,75;17,14K;-2,50%
03.08.2011;241,9;242,85;245,7;240,35;12,27K;-0,53%
02.08.2011;243,2;240,95;248,45;240,65;12,76K;0,77%
01.08.2011;241,35;240,6;243,7;239,7;14,40K;0,75%
29.07.2011;239,55;238,65;242,4;238,3;9,59K;0,38%
28.07.2011;238,65;241,6;244,6;237,2;12,77K;-1,06%
27.07.2011;241,2;244,95;245,3;238,6;11,38K;-1,53%
26.07.2011;244,95;243,5;247,35;242,8;12,48K;0,84%
25.07.2011;242,9;241,5;245;241,05;8,89K;0,58%
22.07.2011;241,5;241,45;246,3;238;13,24K;0,29%
21.07.2011;240,8;244,5;247,9;239,5;12,66K;-1,07%
20.07.2011;243,4;244,5;246,45;240,1;11,60K;-0,18%
19.07.2011;243,85;248,85;248,85;243,75;0,00K;-1,75%
18.07.2011;248,2;249;249,3;249;0,01K;-1,72%
15.07.2011;252,55;257,35;259,5;255;0,02K;-1,87%
14.07.2011;257,35;263,8;263,8;258,35;0,01K;-2,07%
13.07.2011;262,8;257,8;260,6;257,8;0,00K;2,38%
12.07.2011;256,7;256,7;256,7;256,7;;-0,47%
11.07.2011;257,9;257,9;257,9;257,9;0,01K;-2,00%
08.07.2011;263,15;267,7;267,7;262,95;0,02K;-1,72%
07.07.2011;267,75;269,5;269,7;267,35;0,00K;0,34%
06.07.2011;266,85;265,75;265,75;265,75;0,01K;-0,78%
05.07.2011;268,95;263,5;268,15;263,5;0,03K;2,23%
04.07.2011;263,08;263,08;263,08;263,08;;-0,14%
01.07.2011;263,45;263,2;264,4;261,1;0,03K;-0,72%
30.06.2011;265,35;264,4;266,2;264,4;0,03K;1,96%
29.06.2011;260,25;258,9;260,15;254;0,10K;0,91%
28.06.2011;257,9;250,8;258,2;250;0,05K;3,10%
27.06.2011;250,15;250,2;250,9;249,1;0,07K;0,46%
24.06.2011;249;249,55;251;245,5;0,10K;0,52%
23.06.2011;247,7;244,15;250,7;239,65;0,45K;1,62%
22.06.2011;243,75;244,9;245,85;242,3;0,38K;0,10%
21.06.2011;243,5;245;246,85;242,8;3,43K;-0,04%
20.06.2011;243,6;250,2;250,35;243,45;8,41K;-2,38%
17.06.2011;249,55;258,25;260,95;249,1;4,91K;-3,24%
16.06.2011;257,9;263;264,3;257,5;6,26K;-1,81%
15.06.2011;262,65;267,7;270;260,35;9,60K;-2,45%
14.06.2011;269,25;268,65;269,7;265;7,77K;0,67%
13.06.2011;267,45;269,9;270,65;261,05;13,28K;0,94%
10.06.2011;264,95;267,2;268,8;261,55;14,48K;-0,69%
09.06.2011;266,8;264,8;268,7;264,4;10,45K;1,12%
08.06.2011;263,85;262,6;264,8;258;13,73K;0,32%
07.06.2011;263;260;265,5;260;13,39K;0,96%
06.06.2011;260,5;270,35;270,75;259,5;15,16K;-3,86%
03.06.2011;270,95;261,25;273,8;256,85;19,65K;3,71%
02.06.2011;261,25;255,95;262,65;253,3;15,35K;2,07%
01.06.2011;255,95;264,25;264,9;255,25;22,56K;-3,27%
31.05.2011;264,6;264,7;268,4;263,5;10,43K;0,34%
27.05.2011;263,7;266,9;270,3;262,35;9,26K;-0,72%
26.05.2011;265,6;266,85;267,5;262,15;11,03K;0,28%
25.05.2011;264,85;261,4;269,45;259;12,80K;1,40%
24.05.2011;261,2;263,4;265,5;260,7;10,00K;-0,51%
23.05.2011;262,55;259,15;264,65;258,9;8,83K;1,31%
20.05.2011;259,15;265;267,95;258,6;13,84K;-1,73%
19.05.2011;263,7;270,4;271,5;262,45;15,01K;-1,77%
18.05.2011;268,45;268;268;268;0,00K;1,26%
17.05.2011;265,1;265;266,85;265;0,10K;0,42%
16.05.2011;264;269;269;263,6;0,03K;-1,97%
13.05.2011;269,3;277,05;277,05;270;0,01K;-1,70%
12.05.2011;273,95;273,25;275,95;271,1;0,02K;0,53%
11.05.2011;272,5;282,2;282,65;273,75;0,04K;-3,27%
10.05.2011;281,7;290,25;290,25;283,75;0,04K;-1,86%
09.05.2011;287,05;292,85;293;289,75;0,03K;0,00%
06.05.2011;287,05;287,55;293,5;287;0,02K;-0,16%
05.05.2011;287,5;294,85;294,9;284,15;0,03K;-2,13%
04.05.2011;293,75;305,3;305,4;291,8;0,06K;-3,66%
03.05.2011;304,9;305;306,25;304;0,05K;0,11%
02.05.2011;304,55;298,35;305,35;298,35;0,03K;1,74%
29.04.2011;299,35;295,9;300;294,6;0,05K;0,25%
28.04.2011;298,6;298,15;301,05;295,8;0,13K;1,03%
27.04.2011;295,55;294,95;296,8;292,25;0,09K;0,20%
26.04.2011;294,95;286,7;297;284,5;0,23K;2,45%
25.04.2011;287,9;293,45;293,45;286,6;0,21K;-2,16%
22.04.2011;294,25;294,25;294,25;294,25;;1,01%
21.04.2011;291,3;294,8;295,7;291,2;0,46K;-1,05%
20.04.2011;294,4;292,1;298,5;291,4;1,29K;1,10%
19.04.2011;291,2;284,9;291,65;283,35;9,90K;2,37%
18.04.2011;284,45;288,45;290,2;282,8;13,16K;-1,27%
15.04.2011;288,1;283,5;288,65;282,4;5,93K;2,02%
14.04.2011;282,4;280,7;285;279,15;11,99K;0,61%
13.04.2011;280,7;273,25;282,05;272,35;17,55K;2,52%
12.04.2011;273,8;272,2;275,7;270,2;16,81K;-0,29%
11.04.2011;274,6;273,7;276,9;269,85;17,75K;-0,13%
08.04.2011;274,95;272,8;278,5;272,1;14,11K;0,79%
07.04.2011;272,8;265,2;275,85;265,1;20,73K;2,89%
06.04.2011;265,15;268,1;269,35;264,25;11,88K;-1,16%
05.04.2011;268,25;255,1;269,95;254,05;19,83K;4,76%
04.04.2011;256,05;260,05;261;255,65;12,85K;-1,48%
01.04.2011;259,9;265,5;266,25;258,8;14,06K;-1,61%
31.03.2011;264,15;265,4;267,4;262,05;9,92K;-0,25%
30.03.2011;264,8;262,5;265,7;259,1;10,63K;1,28%
29.03.2011;261,45;263,95;264;257,8;13,21K;-0,95%
28.03.2011;263,95;269,6;269,7;263,05;9,62K;-1,73%
25.03.2011;268,6;267,15;270;266,15;7,51K;1,05%
24.03.2011;265,8;268,4;268,95;260,55;15,66K;-1,04%
23.03.2011;268,6;274,25;275,4;268,4;8,56K;-1,77%
22.03.2011;273,45;277,05;277,7;268,15;11,03K;-0,83%
21.03.2011;275,75;278,3;278,3;278,3;0,02K;-0,38%
18.03.2011;276,8;276,85;277,5;275;0,05K;1,99%
17.03.2011;271,4;269,15;274,7;269,15;0,02K;2,59%
16.03.2011;264,55;263;269,35;263;0,01K;0,80%
15.03.2011;262,45;270,2;271;261,6;0,03K;-3,92%
14.03.2011;273,15;271,75;271,75;271,45;0,00K;-0,20%
11.03.2011;273,7;279,3;279,3;273,75;0,02K;-2,35%
10.03.2011;280,3;292,65;292,65;279,85;0,09K;-4,79%
09.03.2011;294,4;289;294,7;289;0,06K;2,52%
08.03.2011;287,15;282,55;287;282,55;0,03K;2,21%
07.03.2011;280,95;275;281,6;275;0,06K;2,95%
04.03.2011;272,9;275;277,5;273,35;0,08K;-0,58%
03.03.2011;274,5;269,05;274,45;268,65;0,05K;1,86%
02.03.2011;269,5;267,25;270,15;266;0,03K;0,07%
01.03.2011;269,3;273,7;274,9;265,55;0,31K;-0,88%
28.02.2011;271,7;268,25;274,8;267,55;0,10K;1,49%
25.02.2011;267,7;265,35;267,65;264,8;0,29K;1,32%
24.02.2011;264,2;269;269;262;0,27K;-1,69%
23.02.2011;268,75;274,35;274,75;268;0,37K;-1,77%
22.02.2011;273,6;272,25;277;269,9;0,45K;0,72%
18.02.2011;271,65;267,85;274;266,45;0,55K;1,61%
17.02.2011;267,35;258,85;267,85;258,85;1,27K;3,36%
16.02.2011;258,65;259,1;261,6;255,1;8,70K;0,23%
15.02.2011;258,05;259,1;263,65;255,7;10,05K;-0,23%
14.02.2011;258,65;252,75;259,2;251,5;12,24K;2,66%
11.02.2011;251,95;255,1;255,35;251,15;18,14K;-1,43%
10.02.2011;255,6;252,5;255,8;251,5;18,29K;0,79%
09.02.2011;253,6;248,5;254,05;247,8;19,26K;2,42%
08.02.2011;247,6;249,75;251,1;246,7;17,81K;-0,86%
07.02.2011;249,75;250,05;252;249,15;13,22K;0,18%
04.02.2011;249,3;250;251,1;247,3;12,89K;-0,82%
03.02.2011;251,35;250,9;253,6;250,1;10,39K;0,38%
02.02.2011;250,4;249,3;251,5;247,1;9,86K;0,40%
01.02.2011;249,4;245,55;249,75;245,35;14,14K;1,88%
31.01.2011;244,8;245,5;250,75;243,25;15,77K;-0,08%
28.01.2011;245;236,35;246,35;235,85;14,20K;3,40%
27.01.2011;236,95;238,2;241,5;234,7;8,65K;-0,23%
26.01.2011;237,5;231,8;240,35;231,8;16,06K;2,70%
25.01.2011;231,25;237,3;238,3;230,3;15,46K;-2,55%
24.01.2011;237,3;239,6;241;236,4;8,15K;-1,29%
21.01.2011;240,4;232,9;241,8;232,85;14,99K;3,71%
20.01.2011;231,8;232,05;234,2;226,5;18,83K;-0,30%
19.01.2011;232,5;236;236,7;231,1;11,27K;-1,21%
18.01.2011;235,35;235,35;237,5;234,35;7,38K;0,23%
17.01.2011;234,8;234,8;234,8;234,8;;0,09%
14.01.2011;234,6;238;239,15;231,55;14,28K;-1,22%
13.01.2011;237,5;240,35;241,2;236,6;13,19K;-1,29%
12.01.2011;240,6;236,4;244,5;235,7;21,73K;2,51%
11.01.2011;234,7;231,25;236,7;230,85;12,90K;1,49%
10.01.2011;231,25;231,2;235,15;230,55;10,93K;0,24%
07.01.2011;230,7;232,55;235,5;230,3;12,26K;-0,99%
06.01.2011;233;233,6;236,85;232,1;8,06K;0,00%
05.01.2011;233;234,1;237,9;230;11,36K;-0,83%
04.01.2011;234,95;239;240,5;232;17,01K;-1,57%
03.01.2011;238,7;238,7;238,7;238,7;;-0,75%
31.12.2010;240,5;236,3;241,3;236,3;3,37K;1,78%
30.12.2010;236,3;238,5;241,75;235,2;4,66K;-1,40%
29.12.2010;239,65;238,6;240,65;235,15;3,83K;0,15%
28.12.2010;239,3;238,05;239,9;236,1;3,02K;0,78%
27.12.2010;237,45;235,6;238,5;232,6;2,86K;0,33%
24.12.2010;236,67;236,67;236,67;236,67;;0,33%
23.12.2010;235,9;232,5;237,65;229,35;6,72K;2,48%
22.12.2010;230,2;233,85;242,25;228,65;13,74K;-1,56%
21.12.2010;233,85;224,55;235,3;223,6;13,27K;4,10%
20.12.2010;224,65;224,8;225,45;223,85;0,01K;-0,27%
17.12.2010;225,25;217,75;226,15;217,75;0,09K;4,21%
16.12.2010;216,15;216;217;214,35;0,07K;-0,35%
15.12.2010;216,9;217,3;217,55;216,9;0,01K;0,25%
14.12.2010;216,35;217,25;219,15;215,6;0,02K;-0,39%
13.12.2010;217,2;213,1;217,2;213,1;0,02K;3,75%
10.12.2010;209,35;209,35;209,35;209,35;;2,47%
09.12.2010;204,3;205,65;206,05;204,45;0,01K;0,02%
08.12.2010;204,25;207;207;201,5;0,06K;-1,61%
07.12.2010;207,6;211,2;211,2;207,3;0,05K;-0,50%
06.12.2010;208,65;206,4;209;206,4;0,01K;2,03%
03.12.2010;204,5;204,85;206,2;204,85;0,03K;0,54%
02.12.2010;203,4;203,7;203,7;203;0,03K;0,05%
01.12.2010;203,3;200,2;205,25;200;0,07K;1,17%
30.11.2010;200,95;203,4;203,8;200;0,29K;-0,72%
29.11.2010;202,4;202,4;203,2;199;0,22K;0,12%
26.11.2010;202,15;205,8;206,45;201;0,32K;-2,41%
24.11.2010;207,15;209,8;211,7;207;0,20K;-1,52%
23.11.2010;210,35;206;210,45;201,4;0,56K;2,04%
22.11.2010;206,15;210,2;211,65;205;0,75K;-1,76%
19.11.2010;209,85;208,95;210,1;205,6;0,74K;0,58%
18.11.2010;208,65;200;209,85;200;7,44K;4,61%
17.11.2010;199,45;198,05;200,85;195,65;9,99K;0,83%
16.11.2010;197,8;204,45;205,7;196,7;21,44K;-3,25%
15.11.2010;204,45;202,05;206,95;201,6;14,40K;2,00%
12.11.2010;200,45;205,5;206,25;199,2;28,05K;-3,00%
11.11.2010;206,65;212,3;214,9;205,8;16,37K;-2,64%
10.11.2010;212,25;217,35;218,7;211,35;19,13K;-2,21%
09.11.2010;217,05;207,9;217,85;207,45;19,71K;4,30%
08.11.2010;208,1;204,5;209,7;203,85;14,16K;1,44%
05.11.2010;205,15;205;206,85;203,3;10,06K;-0,32%
04.11.2010;205,8;197,5;209,25;197,25;20,62K;4,92%
03.11.2010;196,15;200;200,85;192,8;17,80K;-1,63%
02.11.2010;199,4;198,15;200,4;197,7;7,80K;0,86%
01.11.2010;197,7;202,8;203,25;197,65;11,34K;-2,83%
29.10.2010;203,45;197,5;204;197,05;12,60K;3,48%
28.10.2010;196,6;200;201,95;196,3;14,11K;-1,85%
27.10.2010;200,3;201,45;203,55;199,25;11,80K;-0,72%
26.10.2010;201,75;200,35;204,6;199,1;12,60K;0,62%
25.10.2010;200,5;200,1;202,9;198,9;9,88K;0,83%
22.10.2010;198,85;200,75;201,7;196;11,06K;-1,07%
21.10.2010;201;196;203,5;195,5;16,28K;2,16%
20.10.2010;196,75;190;198,15;189,9;15,87K;3,06%
19.10.2010;190,9;184,9;192,1;184,55;14,23K;2,86%
18.10.2010;185,6;186,1;188,25;183,75;8,20K;-0,43%
15.10.2010;186,4;187,7;189,35;183,25;8,69K;-0,64%
14.10.2010;187,6;186,35;189,1;185,3;9,02K;0,78%
13.10.2010;186,15;186,4;190,45;184,6;9,84K;0,24%
12.10.2010;185,7;179,55;188;178,55;12,82K;3,95%
11.10.2010;178,65;181,5;182,4;176,35;8,99K;-1,92%
08.10.2010;182,15;173,75;182,95;171,9;13,10K;5,02%
07.10.2010;173,45;176,1;178,2;173,25;9,23K;-1,20%
06.10.2010;175,55;176,75;177,7;175,05;7,62K;-0,82%
05.10.2010;177;173,25;177,8;171,6;14,10K;2,61%
04.10.2010;172,5;180,85;181,1;171,8;20,41K;-4,75%
01.10.2010;181,1;183,65;186,2;180,5;8,67K;-1,07%
30.09.2010;183,05;185,75;187,45;180,1;12,79K;-1,45%
29.09.2010;185,75;188,95;189,45;183,25;9,50K;-1,69%
28.09.2010;188,95;181,55;190,9;181,55;13,77K;3,68%
27.09.2010;182,25;180,7;185;179,55;8,44K;0,91%
24.09.2010;180,6;181,95;183,7;178,25;10,93K;-0,58%
23.09.2010;181,65;181;183,25;179,6;8,27K;0,94%
22.09.2010;179,95;183,65;187,4;179,35;11,99K;-1,61%
21.09.2010;182,9;182,85;185,9;181,2;10,70K;1,30%
20.09.2010;180,55;184,5;184,5;182,7;0,02K;-3,89%
17.09.2010;187,85;191,15;192,1;186,5;0,06K;-1,31%
16.09.2010;190,35;192,25;194,25;189,5;0,06K;-1,19%
15.09.2010;192,65;193,55;193,55;192;0,02K;-0,54%
14.09.2010;193,7;192,6;192,6;192,6;0,00K;3,31%
13.09.2010;187,5;190;190;187,3;0,00K;-0,40%
10.09.2010;188,25;188,1;188,5;187;0,02K;-0,48%
09.09.2010;189,15;191,35;192;191;0,01K;-2,05%
08.09.2010;193,1;193,25;194,85;190,7;0,02K;1,26%
07.09.2010;190,7;183,5;191,05;183,5;0,03K;2,42%
06.09.2010;186,2;186,2;186,2;186,2;;0,00%
05.09.2010;186,2;186,2;186,2;186,2;;0,62%
03.09.2010;185,05;184,9;186,2;184,9;0,01K;1,01%
02.09.2010;183,2;180,9;184,65;180,9;0,02K;1,50%
01.09.2010;180,5;181,4;181,6;180;0,03K;2,09%
31.08.2010;176,8;177,4;179,1;177,3;0,04K;-1,53%
30.08.2010;179,55;176,7;181,5;176,5;0,18K;1,41%
27.08.2010;177,05;171;178,35;171;0,02K;4,18%
26.08.2010;169,95;167;168,95;165,55;0,10K;3,56%
25.08.2010;164,1;167,3;167,8;163,5;0,28K;-1,65%
24.08.2010;166,85;182;182;166,5;1,35K;-8,07%
23.08.2010;181,5;184,05;186,75;180,6;1,31K;-0,03%
20.08.2010;181,55;178;184,8;177,4;11,64K;2,40%
19.08.2010;177,3;175,1;178,2;174,9;9,67K;1,23%
18.08.2010;175,15;175,75;177;174,4;8,49K;-0,20%
17.08.2010;175,5;178,6;180,05;174,9;16,28K;-1,79%
16.08.2010;178,7;175;180,6;173,45;13,36K;1,82%
13.08.2010;175,5;176;178,65;173,3;12,52K;-0,03%
12.08.2010;175,55;170,85;177,75;169,9;21,67K;2,90%
11.08.2010;170,6;169,4;171,9;169,1;13,60K;0,56%
10.08.2010;169,65;169,05;172;167,3;13,14K;0,03%
09.08.2010;169,6;167,5;170,8;166,25;15,65K;1,31%
06.08.2010;167,4;170,3;171,35;165,25;14,60K;-1,44%
05.08.2010;169,85;169,5;172,65;169,1;11,15K;0,06%
04.08.2010;169,75;167,6;171,7;167,6;11,21K;1,86%
03.08.2010;166,65;172,8;174,45;165,15;17,61K;-3,39%
02.08.2010;172,5;175,6;181,5;172,05;17,20K;-2,16%
30.07.2010;176,3;173,05;178,75;172,65;15,02K;1,88%
29.07.2010;173,05;167,4;174,6;166,45;16,55K;3,38%
28.07.2010;167,4;164,1;168,1;163,65;8,60K;2,23%
27.07.2010;163,75;164,6;166,55;163,2;7,41K;-1,12%
26.07.2010;165,6;165,8;167,2;164,25;11,09K;-0,24%
23.07.2010;166;161,7;167,6;160,45;15,16K;2,66%
22.07.2010;161,7;157,6;161,95;157,6;10,51K;2,80%
21.07.2010;157,3;159,1;160,75;155,8;12,91K;0,54%
20.07.2010;156,45;160,65;161,1;159,8;0,01K;-3,43%
19.07.2010;162;164,65;164,65;161,75;0,02K;-1,70%
16.07.2010;164,8;165;165;164,65;0,01K;0,00%
15.07.2010;164,8;164,35;166,75;164,35;0,03K;1,35%
14.07.2010;162,6;163;163;163;0,00K;-0,40%
13.07.2010;163,25;164,5;164,5;164,5;0,01K;1,30%
12.07.2010;161,15;159,65;160;159,65;0,01K;-0,03%
09.07.2010;161,2;162,05;162,05;161,9;0,02K;0,97%
08.07.2010;159,65;159,1;159,6;159,1;0,01K;-0,62%
07.07.2010;160,65;156;158;155,5;0,08K;3,31%
06.07.2010;155,5;160,45;161;155;0,19K;-5,21%
05.07.2010;164,05;164,05;164,05;164,05;;0,00%
04.07.2010;164,05;164,05;164,05;164,05;;1,08%
02.07.2010;162,3;165,9;165,9;164,5;0,03K;-2,35%
01.07.2010;166,2;164,3;166,1;163,7;0,07K;1,22%
30.06.2010;164,2;162,25;164,7;160;0,15K;1,67%
29.06.2010;161,5;166,1;166,1;158,85;0,24K;-2,89%
28.06.2010;166,3;166,45;168;166;0,11K;-0,42%
25.06.2010;167;165,85;168,85;164,5;0,16K;0,15%
24.06.2010;166,75;160,15;175;160,15;0,77K;5,14%
23.06.2010;158,6;159,35;159,85;157,5;0,21K;-0,31%
22.06.2010;159,1;158,8;160,25;157,2;0,58K;0,09%
21.06.2010;158,95;160,45;164,1;156,1;4,23K;-0,81%
18.06.2010;160,25;155,55;160,85;154,1;5,45K;2,49%
17.06.2010;156,35;158,1;159,7;155,4;5,27K;-1,51%
16.06.2010;158,75;158,55;162,25;156,65;5,94K;-0,38%
15.06.2010;159,35;150,55;160,7;148;10,67K;5,56%
14.06.2010;150,95;144,65;152,45;144,65;18,60K;4,14%
11.06.2010;144,95;137;148,5;137;43,44K;5,80%
10.06.2010;137;134,55;137,7;133,8;22,52K;1,90%
09.06.2010;134,45;134;134,65;133,25;16,29K;0,67%
08.06.2010;133,55;133,1;134,1;132,8;15,50K;0,34%
07.06.2010;133,1;133,4;133,65;132,55;12,21K;-0,49%
04.06.2010;133,75;136,1;136,15;133,4;14,10K;-1,36%
03.06.2010;135,6;135,85;136,3;135;7,31K;0,15%
02.06.2010;135,4;136,55;138,1;135,2;15,82K;-0,84%
01.06.2010;136,55;134;137,6;133,15;21,88K;1,68%
31.05.2010;134,3;134,3;134,3;134,3;;0,04%
28.05.2010;134,25;135;135,45;133,9;8,66K;-0,37%
27.05.2010;134,75;134;135,15;133,55;11,71K;0,79%
26.05.2010;133,7;132,75;135,6;132,6;10,82K;0,72%
25.05.2010;132,75;131,9;133,3;130,6;13,59K;0,38%
24.05.2010;132,25;132,4;133;131,6;5,86K;-0,11%
21.05.2010;132,4;132,15;133,05;131,1;8,11K;0,57%
20.05.2010;131,65;132,8;133,2;130,25;18,81K;-0,64%
19.05.2010;132,5;134;134;132,2;11,29K;-2,75%
18.05.2010;136,25;132,45;137,5;132,45;0,11K;1,26%
17.05.2010;134,55;133,4;133,4;133;0,02K;0,22%
14.05.2010;134,25;136,45;136,7;133,25;0,01K;-2,04%
13.05.2010;137,05;137,4;137,4;137,4;0,00K;0,18%
12.05.2010;136,8;137,8;137,8;137,75;0,01K;1,15%
11.05.2010;135,25;134,05;136,5;134,05;0,02K;1,27%
10.05.2010;133,55;134;134;134;0,01K;0,41%
07.05.2010;133;133,55;134;131,25;0,04K;-0,11%
06.05.2010;133,15;136,85;136,85;133;0,10K;-2,99%
05.05.2010;137,25;137,65;137,65;136,75;0,05K;-0,11%
04.05.2010;137,4;138,25;138,25;136,35;0,04K;-0,72%
03.05.2010;138,4;136,2;138,4;136,2;0,07K;2,37%
30.04.2010;135,2;134,5;135,45;134,35;0,07K;0,52%
29.04.2010;134,5;133,7;134,8;133,5;0,19K;0,49%
28.04.2010;133,85;130,75;134,6;130,75;0,08K;2,33%
27.04.2010;130,8;132,4;132,4;130,35;0,17K;-1,32%
26.04.2010;132,55;131,8;132,75;131,8;0,20K;0,57%
23.04.2010;131,8;131,65;133,05;130,95;0,45K;0,53%
22.04.2010;131,1;129,5;131,8;129,5;1,79K;1,08%
21.04.2010;129,7;129,3;130,4;128,6;8,54K;0,43%
20.04.2010;129,15;129,5;130,5;129;9,24K;0,12%
19.04.2010;129;129,4;129,9;128,85;6,32K;-0,08%
16.04.2010;129,1;131,8;132,15;129;15,72K;-2,01%
15.04.2010;131,75;131,8;132,3;130,05;13,30K;-0,08%
14.04.2010;131,85;132,25;133,1;131,7;13,34K;-0,26%
13.04.2010;132,2;133,6;134,05;131,9;11,97K;-1,01%
12.04.2010;133,55;133,5;134,2;133,05;17,12K;0,64%
09.04.2010;132,7;135,2;135,5;132,5;20,39K;-1,48%
08.04.2010;134,7;137,4;137,6;133,8;23,35K;-2,07%
07.04.2010;137,55;138,85;139,2;136,5;11,89K;-1,19%
06.04.2010;139,2;139,5;139,75;137,75;11,05K;-0,32%
05.04.2010;139,65;137,5;139,85;137,3;11,15K;1,64%
01.04.2010;137,4;136,55;137,95;136,3;9,93K;0,92%
31.03.2010;136,15;139;139,05;134,7;18,89K;-2,02%
30.03.2010;138,95;138,25;139;137,3;11,80K;0,58%
29.03.2010;138,15;135,95;138,55;135,85;13,03K;1,69%
26.03.2010;135,85;136,85;137,95;135,35;11,01K;-0,84%
25.03.2010;137;134,3;137,45;134,15;16,68K;2,01%
24.03.2010;134,3;134,45;135,2;133,3;8,46K;-0,33%
23.03.2010;134,75;133;135;132,4;10,86K;1,32%
22.03.2010;133;132,1;133,65;130,85;9,00K;2,07%
19.03.2010;130,3;132,45;133;132,45;0,05K;-2,14%
18.03.2010;133,15;130,75;133,45;130,55;0,03K;1,49%
17.03.2010;131,2;130,5;130,85;130,5;0,01K;0,65%
16.03.2010;130,35;129;129;129;0,00K;1,32%
15.03.2010;128,65;128,65;128,65;128,65;;-1,15%
12.03.2010;130,15;132,75;132,75;130,05;0,02K;-0,99%
11.03.2010;131,45;131;131,5;130,9;0,01K;0,73%
10.03.2010;130,5;130,45;130,45;130,45;0,00K;0,19%
09.03.2010;130,25;131,25;131,3;131,1;0,01K;1,20%
08.03.2010;128,7;127,55;128,35;127,55;0,00K;0,55%
05.03.2010;128;128,45;128,8;128;0,01K;0,12%
04.03.2010;127,85;130;130;126,55;0,02K;-1,43%
03.03.2010;129,7;129,85;130,45;129,15;0,01K;-0,38%
02.03.2010;130,2;129,35;130,1;129;0,02K;0,50%
01.03.2010;129,55;129,65;130,9;129,05;0,02K;0,39%
26.02.2010;129,05;129,6;129,8;128,6;0,02K;1,06%
25.02.2010;127,7;129,55;129,7;126,6;0,11K;-2,11%
24.02.2010;130,45;130,35;130,85;129,7;0,18K;0,08%
23.02.2010;130,35;130,55;130,75;129,75;0,14K;0,39%
22.02.2010;129,85;134,75;135,1;129,4;0,53K;-3,64%
19.02.2010;134,75;133,95;135,2;132,55;0,53K;0,48%
18.02.2010;134,1;132,5;135;131,9;1,54K;1,40%
17.02.2010;132,25;133,5;134;131,55;17,34K;-0,90%
16.02.2010;133,45;133,15;134,8;132;16,95K;0,53%
12.02.2010;132,75;131,8;133,3;130;7,99K;0,42%
11.02.2010;132,2;132,75;134,1;131,65;17,57K;0,00%
10.02.2010;132,2;130,1;132,65;129,4;30,10K;1,38%
09.02.2010;130,4;130,45;132,2;129,45;19,01K;-0,19%
08.02.2010;130,65;129,35;131,6;128,5;14,52K;1,44%
05.02.2010;128,8;131,45;131,85;128,5;19,21K;-2,09%
04.02.2010;131,55;132,75;133,15;130,05;15,35K;-1,09%
03.02.2010;133;135,45;135,95;132,4;14,89K;-1,52%
02.02.2010;135,05;132,85;135,65;132,2;16,05K;1,89%
01.02.2010;132,55;132;133,2;131,2;12,31K;0,65%
29.01.2010;131,7;132,6;133,9;131,6;10,94K;-0,94%
28.01.2010;132,95;133,95;134,9;132,05;14,54K;-0,45%
27.01.2010;133,55;138;139;133,35;24,41K;-3,40%
26.01.2010;138,25;139,05;139,2;137;11,80K;-0,82%
25.01.2010;139,4;139,8;140,4;138,55;8,02K;-0,14%
22.01.2010;139,6;138,75;141,25;137,3;13,14K;0,65%
21.01.2010;138,7;139,45;140,15;137,55;9,21K;-0,36%
20.01.2010;139,2;140,5;140,5;138,45;12,00K;-1,21%
19.01.2010;140,9;141;142,25;140,15;9,10K;-0,16%
